BCI Best Blend Balanced Fund (C) BBBCF,https://www.bcis.co.za/upload/factsheet_categories_folders/funds/02%20-%20Boutique%20Collective%20Investments/BCI%20Best%20Blend%20Balanced%20Fund%20(C)%20BBBCF.pdf
BCI Best Blend Cautious Fund (C) BBCCF,https://www.bcis.co.za/upload/factsheet_categories_folders/funds/02%20-%20Boutique%20Collective%20Investments/BCI%20Best%20Blend%20Cautious%20Fund%20(C)%20BBCCF.pdf
BCI Best Blend Flexible Income Fund (C) BBBFC,https://www.bcis.co.za/upload/factsheet_categories_folders/funds/02%20-%20Boutique%20Collective%20Investments/BCI%20Best%20Blend%20Flexible%20Income%20Fund%20(C)%20BBBFC.pdf
BCI Best Blend Global Equity Fund (A) MVLI,https://www.bcis.co.za/upload/factsheet_categories_folders/funds/02%20-%20Boutique%20Collective%20Investments/BCI%20Best%20Blend%20Global%20Equity%20Fund%20(A)%20MVLI.pdf
BCI Best Blend Global Property Fund (A) BBGPA,https://www.bcis.co.za/upload/factsheet_categories_folders/funds/02%20-%20Boutique%20Collective%20Investments/BCI%20Best%20Blend%20Global%20Property%20Fund%20(A)%20BBGPA.pdf
BCI Best Blend Specialist Equity Fund (C) BBBEC,https://www.bcis.co.za/upload/factsheet_categories_folders/funds/02%20-%20Boutique%20Collective%20Investments/BCI%20Best%20Blend%20Specialist%20Equity%20Fund%20(C)%20BBBEC.pdf
BCI Best Blend Worldwide Flexible Fund (A) BWWFA,https://www.bcis.co.za/upload/factsheet_categories_folders/funds/02%20-%20Boutique%20Collective%20Investments/BCI%20Best%20Blend%20Worldwide%20Flexible%20Fund%20(A)%20BWWFA.pdf
BCI Enhanced Equity Fund (B) BCEEF,https://www.bcis.co.za/upload/factsheet_categories_folders/funds/02%20-%20Boutique%20Collective%20Investments/BCI%20Enhanced%20Equity%20Fund%20(B)%20BCEEF.pdf
BCI Flexible Fund (A) CUGT,https://www.bcis.co.za/upload/factsheet_categories_folders/funds/02%20-%20Boutique%20Collective%20Investments/BCI%20Flexible%20Fund%20(A)%20CUGT.pdf
BCI Income Plus Fund (A) BIPFA,https://www.bcis.co.za/upload/factsheet_categories_folders/funds/02%20-%20Boutique%20Collective%20Investments/BCI%20Income%20Plus%20Fund%20(A)%20BIPFA.pdf
BCI Institutional Worldwide Flexible Growth Fund (A) BIGFA,https://www.bcis.co.za/upload/factsheet_categories_folders/funds/02%20-%20Boutique%20Collective%20Investments/BCI%20Institutional%20Worldwide%20Flexible%20Growth%20Fund%20(A)%20BIGFA.pdf
BCI Money Market Fund (A) MVMM,https://www.bcis.co.za/upload/factsheet_categories_folders/funds/02%20-%20Boutique%20Collective%20Investments/BCI%20Money%20Market%20Fund%20(A)%20MVMM.pdf
BCI Value Fund (B) BCVFD,https://www.bcis.co.za/upload/factsheet_categories_folders/funds/02%20-%20Boutique%20Collective%20Investments/BCI%20Value%20Fund%20(B)%20BCVFD.pdf
BCI Worldwide Flexible Style Fund (C) BCWFFC,https://www.bcis.co.za/upload/factsheet_categories_folders/funds/Anchor%20Capital/BCI%20Worldwide%20Flexible%20Style%20Fund%20(C)%20BCWFFC.pdf
BCI Worldwide Opportunities Fund (A) BWOFA,https://www.bcis.co.za/upload/factsheet_categories_folders/funds/02%20-%20Boutique%20Collective%20Investments/BCI%20Worldwide%20Opportunities%20Fund%20(A)%20BWOFA.pdf
BIP BCI Moderate Worldwide Flexible Fund (C) BBMFFC,https://www.bcis.co.za/upload/factsheet_categories_folders/funds/Anchor%20Capital/BIP%20BCI%20Moderate%20Worldwide%20Flexible%20Fund%20(C)%20BBMFFC.pdf
BIP BCI Worldwide Flexible Growth Fund (A) BWGFA,https://www.bcis.co.za/upload/factsheet_categories_folders/funds/Harvard%20House%20Investment%20Management/BIP%20BCI%20Worldwide%20Flexible%20Growth%20Fund%20(A)%20BWGFA.pdf
BCI Credo Global Equity Feeder Fund (A) CREDOA,https://www.bcis.co.za/upload/factsheet_categories_folders/funds/03%20-%20Credo%20Feeder/BCI%20Credo%20Global%20Equity%20Feeder%20Fund%20(A)%20CREDOA.pdf
BCI Fairtree Global Income Plus Feeder Fund (A) BCFFDA,https://www.bcis.co.za/upload/factsheet_categories_folders/funds/04%20-%20Fairtree%20Feeder/BCI%20Fairtree%20Global%20Income%20Plus%20Feeder%20Fund%20(A)%20BCFFDA.pdf
BCI Fundsmith Equity Feeder Fund (A) BFEFA,https://www.bcis.co.za/upload/factsheet_categories_folders/funds/05%20-%20Fundsmith%20Feeder/BCI%20Fundsmith%20Equity%20Feeder%20Fund%20(A)%20BFEFA.pdf
BCI GinsGlobal Global Equity Index Feeder Fund (A) BGGGFA,https://www.bcis.co.za/upload/factsheet_categories_folders/funds/06%20-%20GinsGlobal%20Feeder/BCI%20GinsGlobal%20Global%20Equity%20Index%20Feeder%20Fund%20(A)%20BGGGFA.pdf
BCI Guernsey Global Growth Feeder Fund (A) BGGFFA,https://www.bcis.co.za/upload/factsheet_categories_folders/funds/Optimum/BCI%20Guernsey%20Global%20Growth%20Feeder%20Fund%20(A)%20BGGFFA.pdf
BCI Lindsell Train Global Equity Feeder Fund (A) BLTGFA,https://www.bcis.co.za/upload/factsheet_categories_folders/funds/08%20-%20Lindsell%20Train%20Global%20Equity%20Feeder/BCI%20Lindsell%20Train%20Global%20Equity%20Feeder%20Fund%20(A)%20BLTGFA.pdf
BCI Rootstock Global Equity Feeder Fund (A) BRGEFA,https://www.bcis.co.za/upload/factsheet_categories_folders/funds/10%20-%20Rootstock%20Global%20Equity%20Feeder/BCI%20Rootstock%20Global%20Equity%20Feeder%20Fund%20(A)%20BRGEFA.pdf
BCI Sands Capital Emerging Markets Feeder Fund (A) BICFFA,https://www.bcis.co.za/upload/factsheet_categories_folders/funds/11%20-%20Sands%20Capital%20Feeder/BCI%20Sands%20Capital%20Emerging%20Markets%20Feeder%20Fund%20(A)%20BICFFA.pdf
BCI Sands Capital Global Growth Feeder Fund (A) BCGFFA,https://www.bcis.co.za/upload/factsheet_categories_folders/funds/11%20-%20Sands%20Capital%20Feeder/BCI%20Sands%20Capital%20Global%20Growth%20Feeder%20Fund%20(A)%20BCGFFA.pdf
BCI UBAM MultiFunds Flexible Allocation Feeder Fund (A) AGBFA,https://www.bcis.co.za/upload/factsheet_categories_folders/funds/13%20-%20UBAM%20Feeder/BCI%20UBAM%20MultiFunds%20Flexible%20Allocation%20Feeder%20Fund%20(A)%20AGBFA.pdf
3B BCI Cautious Managed Fund (A) MNIP,https://www.bcis.co.za/upload/factsheet_categories_folders/funds/14%20-%203B%20Asset%20Management/3B%20BCI%20Cautious%20Managed%20Fund%20(A)%20MNIP.pdf
3B BCI Equity Fund (A) MNEF,https://www.bcis.co.za/upload/factsheet_categories_folders/funds/14%20-%203B%20Asset%20Management/3B%20BCI%20Equity%20Fund%20(A)%20MNEF.pdf
3B BCI Flexible Managed Fund (A) MNFF,https://www.bcis.co.za/upload/factsheet_categories_folders/funds/14%20-%203B%20Asset%20Management/3B%20BCI%20Flexible%20Managed%20Fund%20(A)%20MNFF.pdf
3B BCI Prudential Fund of Funds (3B1) MPRU,https://www.bcis.co.za/upload/factsheet_categories_folders/funds/14%20-%203B%20Asset%20Management/3B%20BCI%20Prudential%20Fund%20of%20Funds%20(3B1)%20MPRU.pdf
3B BCI Stable Fund of Funds (3B1) MSTA,https://www.bcis.co.za/upload/factsheet_categories_folders/funds/14%20-%203B%20Asset%20Management/3B%20BCI%20Stable%20Fund%20of%20Funds%20(3B1)%20MSTA.pdf
3B BCI Worldwide Flexible Fund of Funds (3B1) MW3B1,https://www.bcis.co.za/upload/factsheet_categories_folders/funds/14%20-%203B%20Asset%20Management/3B%20BCI%20Worldwide%20Flexible%20Fund%20of%20Funds%20(3B1)%20MW3B1.pdf
4D BCI Aggressive Flexible Fund of Funds (A) MDAF,https://www.bcis.co.za/upload/factsheet_categories_folders/funds/15%20-%204D%20Wealth%20Management/4D%20BCI%20Aggressive%20Flexible%20Fund%20of%20Funds%20(A)%20MDAF.pdf
4D BCI Cautious Fund of Funds (A) MDCU,https://www.bcis.co.za/upload/factsheet_categories_folders/funds/15%20-%204D%20Wealth%20Management/4D%20BCI%20Cautious%20Fund%20of%20Funds%20(A)%20MDCU.pdf
4D BCI Flexible Fund (A) MDFF,https://www.bcis.co.za/upload/factsheet_categories_folders/funds/15%20-%204D%20Wealth%20Management/4D%20BCI%20Flexible%20Fund%20(A)%20MDFF.pdf
4D BCI Moderate Fund of Funds (A) MDMF,https://www.bcis.co.za/upload/factsheet_categories_folders/funds/15%20-%204D%20Wealth%20Management/4D%20BCI%20Moderate%20Fund%20of%20Funds%20(A)%20MDMF.pdf
36ONE BCI Equity Fund (A) MNTR,https://www.bcis.co.za/upload/factsheet_categories_folders/funds/36ONE%20Asset%20Management/36ONE%20BCI%20Equity%20Fund%20(A)%20MNTR.pdf
36ONE BCI Flexible Opportunity Fund (A) MNFO,https://www.bcis.co.za/upload/factsheet_categories_folders/funds/36ONE%20Asset%20Management/36ONE%20BCI%20Flexible%20Opportunity%20Fund%20(A)%20MNFO.pdf
36ONE BCI Global Equity Feeder Fund (A) 36FNDA,https://www.bcis.co.za/upload/factsheet_categories_folders/funds/36ONE%20Asset%20Management/36ONE%20BCI%20Global%20Equity%20Feeder%20Fund%20(A)%2036FNDA.pdf
36ONE BCI SA Equity Fund (C) BCSEC,https://www.bcis.co.za/upload/factsheet_categories_folders/funds/36ONE%20Asset%20Management/36ONE%20BCI%20SA%20Equity%20Fund%20(C)%20BCSEC.pdf
AS Forum BCI Aggressive Fund of Funds (A) MASA,https://www.bcis.co.za/upload/factsheet_categories_folders/funds/A.S.%20Sure%20Investments/AS%20Forum%20BCI%20Aggressive%20Fund%20of%20Funds%20(A)%20MASA.pdf
AS Forum BCI Cautious Fund of Funds (A) MAFC,https://www.bcis.co.za/upload/factsheet_categories_folders/funds/A.S.%20Sure%20Investments/AS%20Forum%20BCI%20Cautious%20Fund%20of%20Funds%20(A)%20MAFC.pdf
AS Forum BCI Moderate Fund of Funds (A) MASM,https://www.bcis.co.za/upload/factsheet_categories_folders/funds/A.S.%20Sure%20Investments/AS%20Forum%20BCI%20Moderate%20Fund%20of%20Funds%20(A)%20MASM.pdf
Accorn BCI Balanced Fund of Funds (C) WAMCC,https://www.bcis.co.za/upload/factsheet_categories_folders/funds/Accorn%20Asset%20Management/Accorn%20BCI%20Balanced%20Fund%20of%20Funds%20(C)%20WAMCC.pdf
Accorn BCI Equity Fund of Funds (A) ACCFFA,https://www.bcis.co.za/upload/factsheet_categories_folders/funds/Accorn%20Asset%20Management/Accorn%20BCI%20Equity%20Fund%20of%20Funds%20(A)%20ACCFFA.pdf
Accorn BCI Property Fund of Funds (A) ACCPFA,https://www.bcis.co.za/upload/factsheet_categories_folders/funds/Accorn%20Asset%20Management/Accorn%20BCI%20Property%20Fund%20of%20Funds%20(A)%20ACCPFA.pdf
All Weather BCI Equity Fund (B2) AWNEB2,https://www.bcis.co.za/upload/factsheet_categories_folders/funds/All%20Weather%20Capital/All%20Weather%20BCI%20Equity%20Fund%20(B2)%20AWNEB2.pdf
Aluwani BCI Balanced Fund (A) BCIBFA,https://www.bcis.co.za/upload/factsheet_categories_folders/funds/Aluwani%20Capital%20Partners/Aluwani%20BCI%20Balanced%20Fund%20(A)%20BCIBFA.pdf
Aluwani BCI Enhanced Yield Fund (B) ALYFDB,https://www.bcis.co.za/upload/factsheet_categories_folders/funds/Aluwani%20Capital%20Partners/Aluwani%20BCI%20Enhanced%20Yield%20Fund%20(B)%20ALYFDB.pdf
Aluwani BCI Flexible Income Fund (A) BCIFFA,https://www.bcis.co.za/upload/factsheet_categories_folders/funds/Aluwani%20Capital%20Partners/Aluwani%20BCI%20Flexible%20Income%20Fund%20(A)%20BCIFFA.pdf
Aluwani BCI High Yield Fund (A) AHYFDA,https://www.bcis.co.za/upload/factsheet_categories_folders/funds/Aluwani%20Capital%20Partners/Aluwani%20BCI%20High%20Yield%20Fund%20(A)%20AHYFDA.pdf
Aluwani BCI Top 25 Equity Fund (A) RSOA,https://www.bcis.co.za/upload/factsheet_categories_folders/funds/Aluwani%20Capital%20Partners/Aluwani%20BCI%20Top%2025%20Equity%20Fund%20(A)%20RSOA.pdf
Amity BCI Diversified Income Fund ABDIFA,https://www.bcis.co.za/upload/factsheet_categories_folders/funds/Amity%20Investment%20Solutions/Amity%20BCI%20Diversified%20Income%20Fund%20ABDIFA.pdf
Amity BCI Equity Income Fund AEIFA,https://www.bcis.co.za/upload/factsheet_categories_folders/funds/Amity%20Investment%20Solutions/Amity%20BCI%20Equity%20Income%20Fund%20AEIFA.pdf
Amity BCI Global Diversified Fund of Funds AGDFA,https://www.bcis.co.za/upload/factsheet_categories_folders/funds/Amity%20Investment%20Solutions/Amity%20BCI%20Global%20Diversified%20Fund%20of%20Funds%20AGDFA.pdf
Amity BCI Managed Select Fund of Funds ABMSA,https://www.bcis.co.za/upload/factsheet_categories_folders/funds/Amity%20Investment%20Solutions/Amity%20BCI%20Managed%20Select%20Fund%20of%20Funds%20ABMSA.pdf
Amity BCI Prudent Fund of Funds MAPF,https://www.bcis.co.za/upload/factsheet_categories_folders/funds/Amity%20Investment%20Solutions/Amity%20BCI%20Prudent%20Fund%20of%20Funds%20MAPF.pdf
Amity BCI Steady Growth Fund of Funds ABSSA,https://www.bcis.co.za/upload/factsheet_categories_folders/funds/Amity%20Investment%20Solutions/Amity%20BCI%20Steady%20Growth%20Fund%20of%20Funds%20ABSSA.pdf
AnBro BCI Unicorn Global Growth Fund (A) ANGGFA,https://www.bcis.co.za/upload/factsheet_categories_folders/funds/AnBro%20Capital%20Investments/AnBro%20BCI%20Unicorn%20Global%20Growth%20Fund%20(A)%20ANGGFA.pdf
Anchor BCI Africa Flexible Income Fund ABAIA,https://www.bcis.co.za/upload/factsheet_categories_folders/funds/Anchor%20Capital/Anchor%20BCI%20Africa%20Flexible%20Income%20Fund%20ABAIA.pdf
Anchor BCI Bond Fund ABFA,https://www.bcis.co.za/upload/factsheet_categories_folders/funds/Anchor%20Capital/Anchor%20BCI%20Bond%20Fund%20ABFA.pdf
Anchor BCI Core Income Fund ABCIIA,https://www.bcis.co.za/upload/factsheet_categories_folders/funds/Anchor%20Capital/Anchor%20BCI%20Core%20Income%20Fund%20ABCIIA.pdf
Anchor BCI Diversified Growth Fund ABDGA,https://www.bcis.co.za/upload/factsheet_categories_folders/funds/Anchor%20Capital/Anchor%20BCI%20Diversified%20Growth%20Fund%20ABDGA.pdf
Anchor BCI Diversified Moderate Fund ABDAA,https://www.bcis.co.za/upload/factsheet_categories_folders/funds/Anchor%20Capital/Anchor%20BCI%20Diversified%20Moderate%20Fund%20ABDAA.pdf
Anchor BCI Diversified Stable Fund ABDSA,https://www.bcis.co.za/upload/factsheet_categories_folders/funds/Anchor%20Capital/Anchor%20BCI%20Diversified%20Stable%20Fund%20ABDSA.pdf
Anchor BCI Equity Fund AMEFA,https://www.bcis.co.za/upload/factsheet_categories_folders/funds/Anchor%20Capital/Anchor%20BCI%20Equity%20Fund%20AMEFA.pdf
Anchor BCI Flexible Fund AMFFA,https://www.bcis.co.za/upload/factsheet_categories_folders/funds/Anchor%20Capital/Anchor%20BCI%20Flexible%20Fund%20AMFFA.pdf
Anchor BCI Flexible Income Fund ABFIA,https://www.bcis.co.za/upload/factsheet_categories_folders/funds/Anchor%20Capital/Anchor%20BCI%20Flexible%20Income%20Fund%20ABFIA.pdf
Anchor BCI Global Equity Feeder Fund ABGEFF,https://www.bcis.co.za/upload/factsheet_categories_folders/funds/Anchor%20Capital/Anchor%20BCI%20Global%20Equity%20Feeder%20Fund%20ABGEFF.pdf
Anchor BCI Global Flexible Income Fund ABGFFB,https://www.bcis.co.za/upload/factsheet_categories_folders/funds/Anchor%20Capital/Anchor%20BCI%20Global%20Flexible%20Income%20Fund%20ABGFFB.pdf
Anchor BCI Global Technology Fund ABGTA,https://www.bcis.co.za/upload/factsheet_categories_folders/funds/Anchor%20Capital/Anchor%20BCI%20Global%20Technology%20Fund%20ABGTA.pdf
Anchor BCI Managed Fund ABMF,https://www.bcis.co.za/upload/factsheet_categories_folders/funds/Anchor%20Capital/Anchor%20BCI%20Managed%20Fund%20ABMF.pdf
Anchor BCI Property Fund ABPFA,https://www.bcis.co.za/upload/factsheet_categories_folders/funds/Anchor%20Capital/Anchor%20BCI%20Property%20Fund%20ABPFA.pdf
Anchor BCI SA Equity Fund (A) ANBEFA,https://www.bcis.co.za/upload/factsheet_categories_folders/funds/Anchor%20Capital/Anchor%20BCI%20SA%20Equity%20Fund%20(A)%20ANBEFA.pdf
Anchor BCI Worldwide Flexible Fund AMWFA,https://www.bcis.co.za/upload/factsheet_categories_folders/funds/Anchor%20Capital/Anchor%20BCI%20Worldwide%20Flexible%20Fund%20AMWFA.pdf
Anchor BCI Worldwide Opportunities Fund (C) ANBOFC,https://www.bcis.co.za/upload/factsheet_categories_folders/funds/Anchor%20Capital/Anchor%20BCI%20Worldwide%20Opportunities%20Fund%20(C)%20ANBOFC.pdf
Anchor Securities BCI Worldwide Growth and Income Fund (A) ABWFA,https://www.bcis.co.za/upload/factsheet_categories_folders/funds/Anchor%20Securities/Anchor%20Securities%20BCI%20Worldwide%20Growth%20and%20Income%20Fund%20(A)%20ABWFA.pdf
Argon BCI Absolute Return Fund (A) AARFA,https://www.bcis.co.za/upload/factsheet_categories_folders/funds/Argon%20Asset%20Management/Argon%20BCI%20Absolute%20Return%20Fund%20(A)%20AARFA.pdf
Argon BCI Bond Fund (A) ABIFA,https://www.bcis.co.za/upload/factsheet_categories_folders/funds/Argon%20Asset%20Management/Argon%20BCI%20Bond%20Fund%20(A)%20ABIFA.pdf
Argon BCI Flexible Income (A) ARGFIA,https://www.bcis.co.za/upload/factsheet_categories_folders/funds/Argon%20Asset%20Management/Argon%20BCI%20Flexible%20Income%20(A)%20ARGFIA.pdf
ADB BCI Balanced Fund of Funds (A) MADB,https://www.bcis.co.za/upload/factsheet_categories_folders/funds/Arnold%20du%20Bruin%20&%20Associates/ADB%20BCI%20Balanced%20Fund%20of%20Funds%20(A)%20MADB.pdf
ADB BCI Flexible Prudential Fund of Funds (A) MADF,https://www.bcis.co.za/upload/factsheet_categories_folders/funds/Arnold%20du%20Bruin%20&%20Associates/ADB%20BCI%20Flexible%20Prudential%20Fund%20of%20Funds%20(A)%20MADF.pdf
Aureus Nobilis BCI Cautious Fund (A) ANBCFA,https://www.bcis.co.za/upload/factsheet_categories_folders/funds/Aureus%20Nobilis/Aureus%20Nobilis%20BCI%20Cautious%20Fund%20(A)%20ANBCFA.pdf
Aureus Nobilis BCI Managed Fund (A) ANBMFA,https://www.bcis.co.za/upload/factsheet_categories_folders/funds/Aureus%20Nobilis/Aureus%20Nobilis%20BCI%20Managed%20Fund%20(A)%20ANBMFA.pdf
Aureus Nobilis BCI Worldwide Flexible Fund of Funds (A) ANWFFA,https://www.bcis.co.za/upload/factsheet_categories_folders/funds/Aureus%20Nobilis/Aureus%20Nobilis%20BCI%20Worldwide%20Flexible%20Fund%20of%20Funds%20(A)%20ANWFFA.pdf
Baroque BCI Moderato Fund of Funds (A) MBMF,https://www.bcis.co.za/upload/factsheet_categories_folders/funds/Baroque%20Financial%20Services/Baroque%20BCI%20Moderato%20Fund%20of%20Funds%20(A)%20MBMF.pdf
BlueAlpha BCI All Seasons Fund MBAS,https://www.bcis.co.za/upload/factsheet_categories_folders/funds/Blue%20Alpha%20Investment%20Management/BlueAlpha%20BCI%20All%20Seasons%20Fund%20MBAS.pdf
BlueAlpha BCI Balanced Fund BABFC,https://www.bcis.co.za/upload/factsheet_categories_folders/funds/Blue%20Alpha%20Investment%20Management/BlueAlpha%20BCI%20Balanced%20Fund%20BABFC.pdf
BlueAlpha BCI Equity Fund BSEAF,https://www.bcis.co.za/upload/factsheet_categories_folders/funds/Blue%20Alpha%20Investment%20Management/BlueAlpha%20BCI%20Equity%20Fund%20BSEAF.pdf
BlueAlpha BCI Global Equity Fund BGFFA,https://www.bcis.co.za/upload/factsheet_categories_folders/funds/Blue%20Alpha%20Investment%20Management/BlueAlpha%20BCI%20Global%20Equity%20Fund%20BGFFA.pdf
Bovest BCI Conservative Fund of Funds (A) BBCFA,https://www.bcis.co.za/upload/factsheet_categories_folders/funds/Bovest%20Wealth%20Management/Bovest%20BCI%20Conservative%20Fund%20of%20Funds%20(A)%20BBCFA.pdf
Bovest BCI Managed Fund of Funds (A) BBMFA,https://www.bcis.co.za/upload/factsheet_categories_folders/funds/Bovest%20Wealth%20Management/Bovest%20BCI%20Managed%20Fund%20of%20Funds%20(A)%20BBMFA.pdf
Bovest BCI Worldwide Flexible Fund of Funds (A) BBWFA,https://www.bcis.co.za/upload/factsheet_categories_folders/funds/Bovest%20Wealth%20Management/Bovest%20BCI%20Worldwide%20Flexible%20Fund%20of%20Funds%20(A)%20BBWFA.pdf
Brenthurst BCI Balanced Fund of Funds (A) BBFFA,https://www.bcis.co.za/upload/factsheet_categories_folders/funds/Brenthurst%20Capital/Brenthurst%20BCI%20Balanced%20Fund%20of%20Funds%20(A)%20BBFFA.pdf
Brenthurst BCI Cautious Fund of Funds (A) BCIFA,https://www.bcis.co.za/upload/factsheet_categories_folders/funds/Brenthurst%20Capital/Brenthurst%20BCI%20Cautious%20Fund%20of%20Funds%20(A)%20BCIFA.pdf
Brenthurst BCI Global Balanced Feeder Fund (A) BBGBFA,https://www.bcis.co.za/upload/factsheet_categories_folders/funds/Brenthurst%20Capital/Brenthurst%20BCI%20Global%20Balanced%20Feeder%20Fund%20(A)%20BBGBFA.pdf
Brenthurst BCI Global Equity Feeder Fund (A) BGEQFA,https://www.bcis.co.za/upload/factsheet_categories_folders/funds/Brenthurst%20Capital/Brenthurst%20BCI%20Global%20Equity%20Feeder%20Fund%20(A)%20BGEQFA.pdf
Brenthurst BCI Worldwide Flexible Fund of Funds (A) BCWFA,https://www.bcis.co.za/upload/factsheet_categories_folders/funds/Brenthurst%20Capital/Brenthurst%20BCI%20Worldwide%20Flexible%20Fund%20of%20Funds%20(A)%20BCWFA.pdf
Brenthurst BCI Worldwide Growth Fund of Funds (A) BBWFFA,https://www.bcis.co.za/upload/factsheet_categories_folders/funds/Brenthurst%20Capital/Brenthurst%20BCI%20Worldwide%20Growth%20Fund%20of%20Funds%20(A)%20BBWFFA.pdf
Stewart BCI Absolute Return Fund of Funds (A) SARBA,https://www.bcis.co.za/upload/factsheet_categories_folders/funds/Bruce%20Stewart/Stewart%20BCI%20Absolute%20Return%20Fund%20of%20Funds%20(A)%20SARBA.pdf
Stewart BCI Macro Equity Fund of Funds (A) SMEFA,https://www.bcis.co.za/upload/factsheet_categories_folders/funds/Bruce%20Stewart/Stewart%20BCI%20Macro%20Equity%20Fund%20of%20Funds%20(A)%20SMEFA.pdf
Cadiz BCI Absolute Yield Fund (A) AHAY,https://www.bcis.co.za/upload/factsheet_categories_folders/funds/Cadiz%20Funds/Cadiz%20BCI%20Absolute%20Yield%20Fund%20(A)%20AHAY.pdf
Cadiz BCI Balanced Fund (A) AHBF,https://www.bcis.co.za/upload/factsheet_categories_folders/funds/Cadiz%20Funds/Cadiz%20BCI%20Balanced%20Fund%20(A)%20AHBF.pdf
Cadiz BCI Enhanced Income Fund (C) WMEIC,https://www.bcis.co.za/upload/factsheet_categories_folders/funds/Cadiz%20Funds/Cadiz%20BCI%20Enhanced%20Income%20Fund%20(C)%20WMEIC.pdf
Cadiz BCI Equity Fund (A) AHMF,https://www.bcis.co.za/upload/factsheet_categories_folders/funds/Cadiz%20Funds/Cadiz%20BCI%20Equity%20Fund%20(A)%20AHMF.pdf
Cadiz BCI Global Flexible Fund of Funds (A) CGFFA,https://www.bcis.co.za/upload/factsheet_categories_folders/funds/Cadiz%20Funds/Cadiz%20BCI%20Global%20Flexible%20Fund%20of%20Funds%20(A)%20CGFFA.pdf
Cadiz BCI Money Market Fund (A) AFMM,https://www.bcis.co.za/upload/factsheet_categories_folders/funds/Cadiz%20Funds/Cadiz%20BCI%20Money%20Market%20Fund%20(A)%20AFMM.pdf
Cadiz BCI Property Fund (B) WMPCB,https://www.bcis.co.za/upload/factsheet_categories_folders/funds/Cadiz%20Funds/Cadiz%20BCI%20Property%20Fund%20(B)%20WMPCB.pdf
Cadiz BCI Stable Fund (A) CASF,https://www.bcis.co.za/upload/factsheet_categories_folders/funds/Cadiz%20Funds/Cadiz%20BCI%20Stable%20Fund%20(A)%20CASF.pdf
Caleo BCI Active Income Fund (A) CBAFA,https://www.bcis.co.za/upload/factsheet_categories_folders/funds/Caleo/Caleo%20BCI%20Active%20Income%20Fund%20(A)%20CBAFA.pdf
Caleo BCI Balanced Fund of Funds (A) CBFFA,https://www.bcis.co.za/upload/factsheet_categories_folders/funds/Caleo/Caleo%20BCI%20Balanced%20Fund%20of%20Funds%20(A)%20CBFFA.pdf
Caleo BCI Equity Fund (A) CBCIFA,https://www.bcis.co.za/upload/factsheet_categories_folders/funds/Caleo/Caleo%20BCI%20Equity%20Fund%20(A)%20CBCIFA.pdf
Caleo BCI Moderate Fund of Funds (A) MBWO,https://www.bcis.co.za/upload/factsheet_categories_folders/funds/Caleo/Caleo%20BCI%20Moderate%20Fund%20of%20Funds%20(A)%20MBWO.pdf
Caleo BCI Moderate Fund of Funds (C) BAWA,https://www.bcis.co.za/upload/factsheet_categories_folders/funds/Caleo/Caleo%20BCI%20Moderate%20Fund%20of%20Funds%20(C)%20BAWA.pdf
Capita BCI Balanced Fund (A) CBBFA,https://www.bcis.co.za/upload/factsheet_categories_folders/funds/Capita%20Asset%20Management%20Trust/Capita%20BCI%20Balanced%20Fund%20(A)%20CBBFA.pdf
Capita BCI Cautious Fund (A) CBCFA,https://www.bcis.co.za/upload/factsheet_categories_folders/funds/Capita%20Asset%20Management%20Trust/Capita%20BCI%20Cautious%20Fund%20(A)%20CBCFA.pdf
Capita BCI Real Income Fund (A) CBRIA,https://www.bcis.co.za/upload/factsheet_categories_folders/funds/Capita%20Asset%20Management%20Trust/Capita%20BCI%20Real%20Income%20Fund%20(A)%20CBRIA.pdf
Capstone BCI Balanced Fund (A) CBFA,https://www.bcis.co.za/upload/factsheet_categories_folders/funds/Capstone%20Wealth%20Managers/Capstone%20BCI%20Balanced%20Fund%20(A)%20CBFA.pdf
Cartesian Money Market Fund (A) CABFA,https://www.bcis.co.za/upload/factsheet_categories_folders/funds/Cartesian%20Capital/Cartesian%20Money%20Market%20Fund%20(A)%20CABFA.pdf
Celtis BCI Conservative Fund of Funds (A) MCEC,https://www.bcis.co.za/upload/factsheet_categories_folders/funds/Celtis%20Financial%20Services/Celtis%20BCI%20Conservative%20Fund%20of%20Funds%20(A)%20MCEC.pdf
Celtis BCI Flexible Fund of Funds (A) MCEL,https://www.bcis.co.za/upload/factsheet_categories_folders/funds/Celtis%20Financial%20Services/Celtis%20BCI%20Flexible%20Fund%20of%20Funds%20(A)%20MCEL.pdf
Celtis BCI Managed Fund of Funds (A) CBMFA,https://www.bcis.co.za/upload/factsheet_categories_folders/funds/Celtis%20Financial%20Services/Celtis%20BCI%20Managed%20Fund%20of%20Funds%20(A)%20CBMFA.pdf
Centaur BCI Balanced Fund (A) CMBFA,https://www.bcis.co.za/upload/factsheet_categories_folders/funds/Centaur%20Asset%20Management/Centaur%20BCI%20Balanced%20Fund%20(A)%20CMBFA.pdf
Centaur BCI Flexible Fund (A) MCFM,https://www.bcis.co.za/upload/factsheet_categories_folders/funds/Centaur%20Asset%20Management/Centaur%20BCI%20Flexible%20Fund%20(A)%20MCFM.pdf
Colourfield BCI Equity Fund (B) CBDFB,https://www.bcis.co.za/upload/factsheet_categories_folders/funds/Colourfield/Colourfield%20BCI%20Equity%20Fund%20(B)%20CBDFB.pdf
Colourfield BCI Income Fund 2 CBIF2,https://www.bcis.co.za/upload/factsheet_categories_folders/funds/Colourfield/Colourfield%20BCI%20Income%20Fund%202%20CBIF2.pdf
Consilium BCI Worldwide Flexible Fund (A) CCWF,https://www.bcis.co.za/upload/factsheet_categories_folders/funds/Consilium%20Capital/Consilium%20BCI%20Worldwide%20Flexible%20Fund%20(A)%20CCWF.pdf
Cratos BCI Worldwide Flexible Fund (C) CBEQFC,https://www.bcis.co.za/upload/factsheet_categories_folders/funds/Cratos%20Asset%20Management/Cratos%20BCI%20Worldwide%20Flexible%20Fund%20(C)%20CBEQFC.pdf
CS BCI Aggressive Prudential Fund of Funds (B) CSMCB,https://www.bcis.co.za/upload/factsheet_categories_folders/funds/CS%20Asset%20Management/CS%20BCI%20Aggressive%20Prudential%20Fund%20of%20Funds%20(B)%20CSMCB.pdf
CS BCI Flexible Fund of Funds (B) MSFB,https://www.bcis.co.za/upload/factsheet_categories_folders/funds/CS%20Asset%20Management/CS%20BCI%20Flexible%20Fund%20of%20Funds%20(B)%20MSFB.pdf
CS BCI Prudential Fund of Funds (B) MCSB,https://www.bcis.co.za/upload/factsheet_categories_folders/funds/CS%20Asset%20Management/CS%20BCI%20Prudential%20Fund%20of%20Funds%20(B)%20MCSB.pdf
CS BCI Worldwide Flexible Fund of Funds (B) CWFFFB,https://www.bcis.co.za/upload/factsheet_categories_folders/funds/CS%20Asset%20Management/CS%20BCI%20Worldwide%20Flexible%20Fund%20of%20Funds%20(B)%20CWFFFB.pdf
Custodian BCI Balanced Fund (A) MCBB,https://www.bcis.co.za/upload/factsheet_categories_folders/funds/Custodian/Custodian%20BCI%20Balanced%20Fund%20(A)%20MCBB.pdf
Custodian BCI Global Balanced Fund of Funds (A) SBGFA,https://www.bcis.co.za/upload/factsheet_categories_folders/funds/Custodian/Custodian%20BCI%20Global%20Balanced%20Fund%20of%20Funds%20(A)%20SBGFA.pdf
Custodian BCI Income Plus Fund (A) MCIN,https://www.bcis.co.za/upload/factsheet_categories_folders/funds/Custodian/Custodian%20BCI%20Income%20Plus%20Fund%20(A)%20MCIN.pdf
Delta 4 BCI Income Fund (A) D4IFA,https://www.bcis.co.za/upload/factsheet_categories_folders/funds/Delta%204%20Financial%20Services/Delta%204%20BCI%20Income%20Fund%20(A)%20D4IFA.pdf
Destiny BCI Multi Asset Fund of Funds (A) APMF,https://www.bcis.co.za/upload/factsheet_categories_folders/funds/Destiny%20Asset%20Managers/Destiny%20BCI%20Multi%20Asset%20Fund%20of%20Funds%20(A)%20APMF.pdf
Destiny BCI Prudential Fund of Funds (A) APRF,https://www.bcis.co.za/upload/factsheet_categories_folders/funds/Destiny%20Asset%20Managers/Destiny%20BCI%20Prudential%20Fund%20of%20Funds%20(A)%20APRF.pdf
Dinamika BCI Conservative Fund of Funds (A) MDCF,https://www.bcis.co.za/upload/factsheet_categories_folders/funds/Dinamika%20Fonds%20Bestuurders/Dinamika%20BCI%20Conservative%20Fund%20of%20Funds%20(A)%20MDCF.pdf
Dinamika BCI Worldwide Flexible Fund (A) DBWFFA,https://www.bcis.co.za/upload/factsheet_categories_folders/funds/Dinamika%20Fonds%20Bestuurders/Dinamika%20BCI%20Worldwide%20Flexible%20Fund%20(A)%20DBWFFA.pdf
Dotport BCI Cautious Fund of Funds (A) MDCA,https://www.bcis.co.za/upload/factsheet_categories_folders/funds/Dotport/Dotport%20BCI%20Cautious%20Fund%20of%20Funds%20(A)%20MDCA.pdf
Dotport BCI Equity Fund (A) DBEFA,https://www.bcis.co.za/upload/factsheet_categories_folders/funds/Dotport/Dotport%20BCI%20Equity%20Fund%20(A)%20DBEFA.pdf
Dotport BCI Flexible Fund of Funds (A) MDDF,https://www.bcis.co.za/upload/factsheet_categories_folders/funds/Dotport/Dotport%20BCI%20Flexible%20Fund%20of%20Funds%20(A)%20MDDF.pdf
Dotport BCI Income Fund (A) DBCIFA,https://www.bcis.co.za/upload/factsheet_categories_folders/funds/Dotport/Dotport%20BCI%20Income%20Fund%20(A)%20DBCIFA.pdf
Dotport BCI Prudential Fund of Funds (A) MDSP,https://www.bcis.co.za/upload/factsheet_categories_folders/funds/Dotport/Dotport%20BCI%20Prudential%20Fund%20of%20Funds%20(A)%20MDSP.pdf
Edge BCI Balanced Fund of Funds (A) EBBFA,https://www.bcis.co.za/upload/factsheet_categories_folders/funds/Edge%20Capital/Edge%20BCI%20Balanced%20Fund%20of%20Funds%20(A)%20EBBFA.pdf
Edge BCI Cautious Fund of Funds (A) EDCFA,https://www.bcis.co.za/upload/factsheet_categories_folders/funds/Edge%20Capital/Edge%20BCI%20Cautious%20Fund%20of%20Funds%20(A)%20EDCFA.pdf
Edge BCI Equity Fund (A) EBEFA,https://www.bcis.co.za/upload/factsheet_categories_folders/funds/Edge%20Capital/Edge%20BCI%20Equity%20Fund%20(A)%20EBEFA.pdf
Engelberg BCI Balanced Fund (A) EIPFD,https://www.bcis.co.za/upload/factsheet_categories_folders/funds/Engelberg/Engelberg%20BCI%20Balanced%20Fund%20(A)%20EIPFD.pdf
Engelberg BCI Global Feeder Fund (A) ENWFF,https://www.bcis.co.za/upload/factsheet_categories_folders/funds/Engelberg/Engelberg%20BCI%20Global%20Feeder%20Fund%20(A)%20ENWFF.pdf
FAL BCI Balanced Fund (A) FBBFA,https://www.bcis.co.za/upload/factsheet_categories_folders/funds/FAL%20Invest/FAL%20BCI%20Balanced%20Fund%20(A)%20FBBFA.pdf
FAL BCI Balanced Fund of Funds (A) IBMFF,https://www.bcis.co.za/upload/factsheet_categories_folders/funds/FAL%20Invest/FAL%20BCI%20Balanced%20Fund%20of%20Funds%20(A)%20IBMFF.pdf
FAL BCI Stable Fund of Funds (A) IBSFF,https://www.bcis.co.za/upload/factsheet_categories_folders/funds/FAL%20Invest/FAL%20BCI%20Stable%20Fund%20of%20Funds%20(A)%20IBSFF.pdf
Fibonacci BCI Diversified Growth Fund (B) FDGB,https://www.bcis.co.za/upload/factsheet_categories_folders/funds/Fibonacci%20Asset%20Management/Fibonacci%20BCI%20Diversified%20Growth%20Fund%20(B)%20FDGB.pdf
Fibonacci BCI Temperate Fund (B1) FFTB1,https://www.bcis.co.za/upload/factsheet_categories_folders/funds/Fibonacci%20Asset%20Management/Fibonacci%20BCI%20Temperate%20Fund%20(B1)%20FFTB1.pdf
First Global 1 BCI Enhanced Yield Fund (A) FGBEFA,https://www.bcis.co.za/upload/factsheet_categories_folders/funds/First%20Global/First%20Global%201%20BCI%20Enhanced%20Yield%20Fund%20(A)%20FGBEFA.pdf
Foster BCI Moderate Fund of Funds (A) MBMO,https://www.bcis.co.za/upload/factsheet_categories_folders/funds/Foster%20Wealth%20Management/Foster%20BCI%20Moderate%20Fund%20of%20Funds%20(A)%20MBMO.pdf
Foundation BCI Equity Fund (A) FBEFA,https://www.bcis.co.za/upload/factsheet_categories_folders/funds/Foundation%20Family%20Wealth/Foundation%20BCI%20Equity%20Fund%20(A)%20FBEFA.pdf
Granate BCI Active Bond Fund (B) GRABFB,https://www.bcis.co.za/upload/factsheet_categories_folders/funds/Granate%20Asset%20Management/Granate%20BCI%20Active%20Bond%20Fund%20(B)%20GRABFB.pdf
Granate BCI Balanced Fund (B) GSBFB,https://www.bcis.co.za/upload/factsheet_categories_folders/funds/Granate%20Asset%20Management/Granate%20BCI%20Balanced%20Fund%20(B)%20GSBFB.pdf
Granate BCI Flexible Fund (B) GSFFB,https://www.bcis.co.za/upload/factsheet_categories_folders/funds/Granate%20Asset%20Management/Granate%20BCI%20Flexible%20Fund%20(B)%20GSFFB.pdf
Granate BCI Money Market Fund (B) RSMMB,https://www.bcis.co.za/upload/factsheet_categories_folders/funds/Granate%20Asset%20Management/Granate%20BCI%20Money%20Market%20Fund%20(B)%20RSMMB.pdf
Granate BCI Multi Income Fund (B) RSMIB,https://www.bcis.co.za/upload/factsheet_categories_folders/funds/Granate%20Asset%20Management/Granate%20BCI%20Multi%20Income%20Fund%20(B)%20RSMIB.pdf
Harvard House BCI Equity Fund (A) MHGE,https://www.bcis.co.za/upload/factsheet_categories_folders/funds/Harvard%20House%20Investment%20Management/Harvard%20House%20BCI%20Equity%20Fund%20(A)%20MHGE.pdf
Harvard House BCI Flexible Income Fund (A) MHFI,https://www.bcis.co.za/upload/factsheet_categories_folders/funds/Harvard%20House%20Investment%20Management/Harvard%20House%20BCI%20Flexible%20Income%20Fund%20(A)%20MHFI.pdf
Harvard House BCI Property Fund (A) HHBPA,https://www.bcis.co.za/upload/factsheet_categories_folders/funds/Harvard%20House%20Investment%20Management/Harvard%20House%20BCI%20Property%20Fund%20(A)%20HHBPA.pdf
Harvard House BCI Worldwide Flexible Fund (A) HHBFDA,https://www.bcis.co.za/upload/factsheet_categories_folders/funds/Harvard%20House%20Investment%20Management/Harvard%20House%20BCI%20Worldwide%20Flexible%20Fund%20(A)%20HHBFDA.pdf
ID Capital BCI Balanced Fund of Funds (A) INNFOA,https://www.bcis.co.za/upload/factsheet_categories_folders/funds/ID%20Capital/ID%20Capital%20BCI%20Balanced%20Fund%20of%20Funds%20(A)%20INNFOA.pdf
ID Capital BCI Income Fund (A1) DALMA1,https://www.bcis.co.za/upload/factsheet_categories_folders/funds/ID%20Capital/ID%20Capital%20BCI%20Income%20Fund%20(A1)%20DALMA1.pdf
ID Capital BCI Worldwide Equity Fund (A) INBFFA,https://www.bcis.co.za/upload/factsheet_categories_folders/funds/ID%20Capital/ID%20Capital%20BCI%20Worldwide%20Equity%20Fund%20(A)%20INBFFA.pdf
ID Capital BCI Worldwide Flexible Fund (A) IBWFA,https://www.bcis.co.za/upload/factsheet_categories_folders/funds/ID%20Capital/ID%20Capital%20BCI%20Worldwide%20Flexible%20Fund%20(A)%20IBWFA.pdf
Imali BCI Passive Balanced Fund (A) IPBFA,https://www.bcis.co.za/upload/factsheet_categories_folders/funds/Imali/Imali%20BCI%20Passive%20Balanced%20Fund%20(A)%20IPBFA.pdf
Independent Securities BCI Worldwide Flexible Fund (D) BIPCFD,https://www.bcis.co.za/upload/factsheet_categories_folders/funds/Independent%20Securities/Independent%20Securities%20BCI%20Worldwide%20Flexible%20Fund%20(D)%20BIPCFD.pdf
Instit BCI Enhanced Yield Fund (A) IEYFA,https://www.bcis.co.za/upload/factsheet_categories_folders/funds/Instit/Instit%20BCI%20Enhanced%20Yield%20Fund%20(A)%20IEYFA.pdf
Instit BCI Flexible Income Fund (A) IBIFA,https://www.bcis.co.za/upload/factsheet_categories_folders/funds/Instit/Instit%20BCI%20Flexible%20Income%20Fund%20(A)%20IBIFA.pdf
Instit BCI Global Equity Fund (A) IBGFA,https://www.bcis.co.za/upload/factsheet_categories_folders/funds/Instit/Instit%20BCI%20Global%20Equity%20Fund%20(A)%20IBGFA.pdf
Instit BCI Managed Fund (A) EBMFA,https://www.bcis.co.za/upload/factsheet_categories_folders/funds/Instit/Instit%20BCI%20Managed%20Fund%20(A)%20EBMFA.pdf
Instit BCI Worldwide Equity Fund (A) IBWEFA,https://www.bcis.co.za/upload/factsheet_categories_folders/funds/Instit/Instit%20BCI%20Worldwide%20Equity%20Fund%20(A)%20IBWEFA.pdf
Instit BCI Worldwide Flexible Fund (A) IWFFA,https://www.bcis.co.za/upload/factsheet_categories_folders/funds/Instit/Instit%20BCI%20Worldwide%20Flexible%20Fund%20(A)%20IWFFA.pdf
Instit BCI Worldwide Flexible Fund of Funds (A) IBWFA,https://www.bcis.co.za/upload/factsheet_categories_folders/funds/Instit/Instit%20BCI%20Worldwide%20Flexible%20Fund%20of%20Funds%20(A)%20IBWFA.pdf
Instit BCI Worldwide Moderate Aggressive Flexible Fund (A) IBWMA,https://www.bcis.co.za/upload/factsheet_categories_folders/funds/Instit/Instit%20BCI%20Worldwide%20Moderate%20Aggressive%20Flexible%20Fund%20(A)%20IBWMA.pdf
Integral BCI Equity Fund (A) IBEFA,https://www.bcis.co.za/upload/factsheet_categories_folders/funds/Integral%20Asset%20Management/Integral%20BCI%20Equity%20Fund%20(A)%20IBEFA.pdf
Intellivest BCI Income Fund (B) ITBIFB,https://www.bcis.co.za/upload/factsheet_categories_folders/funds/Intellivest%20Financial%20Services/Intellivest%20BCI%20Income%20Fund%20(B)%20ITBIFB.pdf
Investec BCI Active Income Fund of Funds (A) IWIAA,https://www.bcis.co.za/upload/factsheet_categories_folders/funds/Investec%20Investment%20Management/Investec%20BCI%20Active%20Income%20Fund%20of%20Funds%20(A)%20IWIAA.pdf
Investec BCI Balanced Fund of Funds (A) IWIBF,https://www.bcis.co.za/upload/factsheet_categories_folders/funds/Investec%20Investment%20Management/Investec%20BCI%20Balanced%20Fund%20of%20Funds%20(A)%20IWIBF.pdf
Investec BCI Balanced High Equity Fund (A) IWIBHA,https://www.bcis.co.za/upload/factsheet_categories_folders/funds/Investec%20Investment%20Management/Investec%20BCI%20Balanced%20High%20Equity%20Fund%20(A)%20IWIBHA.pdf
Investec BCI Diversified Growth Fund of Funds (A) INVFA,https://www.bcis.co.za/upload/factsheet_categories_folders/funds/Investec%20Investment%20Management/Investec%20BCI%20Diversified%20Growth%20Fund%20of%20Funds%20(A)%20INVFA.pdf
Investec BCI Diversified Income Fund (A) INWIFA,https://www.bcis.co.za/upload/factsheet_categories_folders/funds/Investec%20Investment%20Management/Investec%20BCI%20Diversified%20Income%20Fund%20(A)%20INWIFA.pdf
Investec BCI Dynamic Equity Fund (A) IWIDEA,https://www.bcis.co.za/upload/factsheet_categories_folders/funds/Investec%20Investment%20Management/Investec%20BCI%20Dynamic%20Equity%20Fund%20(A)%20IWIDEA.pdf
Investec BCI Enhanced Income Fund (A) IBEIFA,https://www.bcis.co.za/upload/factsheet_categories_folders/funds/Investec%20Investment%20Management/Investec%20BCI%20Enhanced%20Income%20Fund%20(A)%20IBEIFA.pdf
Investec BCI Equity Fund (A) IWIEF,https://www.bcis.co.za/upload/factsheet_categories_folders/funds/Investec%20Investment%20Management/Investec%20BCI%20Equity%20Fund%20(A)%20IWIEF.pdf
Investec BCI Global Leaders Equity Fund (ZAR) (A) IWBGFA,https://www.bcis.co.za/upload/factsheet_categories_folders/funds/Investec%20Investment%20Management/Investec%20BCI%20Global%20Leaders%20Equity%20Fund%20(ZAR)%20(A)%20IWBGFA.pdf
Investec BCI Global Sustainable Equity Fund (ZAR) (A) INFDZA,https://www.bcis.co.za/upload/factsheet_categories_folders/funds/Investec%20Investment%20Management/Investec%20BCI%20Global%20Sustainable%20Equity%20Fund%20(ZAR)%20(A)%20INFDZA.pdf
Investec BCI Progressive Yield Fund (A) INVWYA,https://www.bcis.co.za/upload/factsheet_categories_folders/funds/Investec%20Investment%20Management/Investec%20BCI%20Progressive%20Yield%20Fund%20(A)%20INVWYA.pdf
Investec BCI Property Fund (A) INVPA,https://www.bcis.co.za/upload/factsheet_categories_folders/funds/Investec%20Investment%20Management/Investec%20BCI%20Property%20Fund%20(A)%20INVPA.pdf
Investec BCI Protected Equity Fund (A) PROFEA,https://www.bcis.co.za/upload/factsheet_categories_folders/funds/Investec%20Investment%20Management/Investec%20BCI%20Protected%20Equity%20Fund%20(A)%20PROFEA.pdf
Investec BCI World Axis Cautious Feeder Fund (A) INACFA,https://www.bcis.co.za/upload/factsheet_categories_folders/funds/Investec%20Investment%20Management/Investec%20BCI%20World%20Axis%20Cautious%20Feeder%20Fund%20(A)%20INACFA.pdf
Investec BCI World Axis Core Feeder Fund (A) INCOFA,https://www.bcis.co.za/upload/factsheet_categories_folders/funds/Investec%20Investment%20Management/Investec%20BCI%20World%20Axis%20Core%20Feeder%20Fund%20(A)%20INCOFA.pdf
Investec BCI World Axis Flexible Feeder Fund (A) INCFFA,https://www.bcis.co.za/upload/factsheet_categories_folders/funds/Investec%20Investment%20Management/Investec%20BCI%20World%20Axis%20Flexible%20Feeder%20Fund%20(A)%20INCFFA.pdf
Investec BCI World Axis Global Equity Feeder Fund (A) INGEFA,https://www.bcis.co.za/upload/factsheet_categories_folders/funds/Investec%20Investment%20Management/Investec%20BCI%20World%20Axis%20Global%20Equity%20Feeder%20Fund%20(A)%20INGEFA.pdf
Korner BCI Flexible Fund (A) KBFFA,https://www.bcis.co.za/upload/factsheet_categories_folders/funds/Korner%20Perspective/Korner%20BCI%20Flexible%20Fund%20(A)%20KBFFA.pdf
Laurium BCI Strategic Income Fund (B) TBIFB,https://www.bcis.co.za/upload/factsheet_categories_folders/funds/Laurium%20Capital/Laurium%20BCI%20Strategic%20Income%20Fund%20(B)%20TBIFB.pdf
Lunar BCI Worldwide Flexible Fund (A) LBWFA,https://www.bcis.co.za/upload/factsheet_categories_folders/funds/Lunar%20Capital/Lunar%20BCI%20Worldwide%20Flexible%20Fund%20(A)%20LBWFA.pdf
Maitland BCI Flexible Fund of Funds MAIF,https://www.bcis.co.za/upload/factsheet_categories_folders/funds/Maitland/Maitland%20BCI%20Flexible%20Fund%20of%20Funds%20MAIF.pdf
Median BCI Balanced Fund of Funds (A) MBBFA,https://www.bcis.co.za/upload/factsheet_categories_folders/funds/Median%20Asset%20Management/Median%20BCI%20Balanced%20Fund%20of%20Funds%20(A)%20MBBFA.pdf
Median BCI Worldwide Flexible Fund of Funds (A) MBWFA,https://www.bcis.co.za/upload/factsheet_categories_folders/funds/Median%20Asset%20Management/Median%20BCI%20Worldwide%20Flexible%20Fund%20of%20Funds%20(A)%20MBWFA.pdf
Methodical BCI Absolute Fund (A) MSAFB1,https://www.bcis.co.za/upload/factsheet_categories_folders/funds/Methodical%20Investment%20Management/Methodical%20BCI%20Absolute%20Fund%20(A)%20MSAFB1.pdf
Methodical BCI Balanced Fund (A) MSBFF,https://www.bcis.co.za/upload/factsheet_categories_folders/funds/Methodical%20Investment%20Management/Methodical%20BCI%20Balanced%20Fund%20(A)%20MSBFF.pdf
Methodical BCI Bond Fund (B1) MBBFB1,https://www.bcis.co.za/upload/factsheet_categories_folders/funds/Methodical%20Investment%20Management/Methodical%20BCI%20Bond%20Fund%20(B1)%20MBBFB1.pdf
Methodical BCI Equity Fund (B1) ACPB2,https://www.bcis.co.za/upload/factsheet_categories_folders/funds/Methodical%20Investment%20Management/Methodical%20BCI%20Equity%20Fund%20(B1)%20ACPB2.pdf
Methodical BCI Equity Preserver Fund (B1) MTDFB1,https://www.bcis.co.za/upload/factsheet_categories_folders/funds/Methodical%20Investment%20Management/Methodical%20BCI%20Equity%20Preserver%20Fund%20(B1)%20MTDFB1.pdf
Methodical BCI Global Dynamic Fund (B1) MBGFB1,https://www.bcis.co.za/upload/factsheet_categories_folders/funds/Methodical%20Investment%20Management/Methodical%20BCI%20Global%20Dynamic%20Fund%20(B1)%20MBGFB1.pdf
Methodical BCI Global Flexible Fund of Funds (A) MSGFB1,https://www.bcis.co.za/upload/factsheet_categories_folders/funds/Methodical%20Investment%20Management/Methodical%20BCI%20Global%20Flexible%20Fund%20of%20Funds%20(A)%20MSGFB1.pdf
Methodical BCI Income Fund (B1) MSIFB1,https://www.bcis.co.za/upload/factsheet_categories_folders/funds/Methodical%20Investment%20Management/Methodical%20BCI%20Income%20Fund%20(B1)%20MSIFB1.pdf
Methodical BCI Stable Fund (A) MSSFF,https://www.bcis.co.za/upload/factsheet_categories_folders/funds/Methodical%20Investment%20Management/Methodical%20BCI%20Stable%20Fund%20(A)%20MSSFF.pdf
Methodical BCI Worldwide Growth Fund of Funds (A) MSGFF,https://www.bcis.co.za/upload/factsheet_categories_folders/funds/Methodical%20Investment%20Management/Methodical%20BCI%20Worldwide%20Growth%20Fund%20of%20Funds%20(A)%20MSGFF.pdf
Montrose BCI Cautious Fund of Funds (A) MFA3,https://www.bcis.co.za/upload/factsheet_categories_folders/funds/Montrose%20Asset%20Management/Montrose%20BCI%20Cautious%20Fund%20of%20Funds%20(A)%20MFA3.pdf
Montrose BCI Flexible Fund of Funds (A) MFAF,https://www.bcis.co.za/upload/factsheet_categories_folders/funds/Montrose%20Asset%20Management/Montrose%20BCI%20Flexible%20Fund%20of%20Funds%20(A)%20MFAF.pdf
Montrose BCI Moderate Fund of Funds (A) MFA5,https://www.bcis.co.za/upload/factsheet_categories_folders/funds/Montrose%20Asset%20Management/Montrose%20BCI%20Moderate%20Fund%20of%20Funds%20(A)%20MFA5.pdf
Naviga BCI Worldwide Flexible Fund (A) NWFFA,https://www.bcis.co.za/upload/factsheet_categories_folders/funds/Naviga%20Solutions/Naviga%20BCI%20Worldwide%20Flexible%20Fund%20(A)%20NWFFA.pdf
Naviga BCI Worldwide Flexible Growth Fund (A) NBCFGF,https://www.bcis.co.za/upload/factsheet_categories_folders/funds/Naviga%20Solutions/Naviga%20BCI%20Worldwide%20Flexible%20Growth%20Fund%20(A)%20NBCFGF.pdf
Nest Egg BCI Worldwide Equity Fund (A) NWEFA,https://www.bcis.co.za/upload/factsheet_categories_folders/funds/Nest%20Egg%20Capital/Nest%20Egg%20BCI%20Worldwide%20Equity%20Fund%20(A)%20NWEFA.pdf
Nest Egg BCI Worldwide Flexible Fund (A) NEBFA,https://www.bcis.co.za/upload/factsheet_categories_folders/funds/Nest%20Egg%20Capital/Nest%20Egg%20BCI%20Worldwide%20Flexible%20Fund%20(A)%20NEBFA.pdf
New Road BCI Global Flexible Fund of Funds (A) NRGFFA,https://www.bcis.co.za/upload/factsheet_categories_folders/funds/New%20Road%20Capital/New%20Road%20BCI%20Global%20Flexible%20Fund%20of%20Funds%20(A)%20NRGFFA.pdf
New Road BCI Income Fund of Funds (A) NEWMIA,https://www.bcis.co.za/upload/factsheet_categories_folders/funds/New%20Road%20Capital/New%20Road%20BCI%20Income%20Fund%20of%20Funds%20(A)%20NEWMIA.pdf
New Road BCI Managed Fund of Funds (A) NEWMAA,https://www.bcis.co.za/upload/factsheet_categories_folders/funds/New%20Road%20Capital/New%20Road%20BCI%20Managed%20Fund%20of%20Funds%20(A)%20NEWMAA.pdf
New Road BCI Moderate Fund of Funds (A) NEWMOA,https://www.bcis.co.za/upload/factsheet_categories_folders/funds/New%20Road%20Capital/New%20Road%20BCI%20Moderate%20Fund%20of%20Funds%20(A)%20NEWMOA.pdf
New Road BCI Stable Fund of Funds (A) NEWSFA,https://www.bcis.co.za/upload/factsheet_categories_folders/funds/New%20Road%20Capital/New%20Road%20BCI%20Stable%20Fund%20of%20Funds%20(A)%20NEWSFA.pdf
Noble PP BCI All Weather Fund of Funds (A) NPPAA,https://www.bcis.co.za/upload/factsheet_categories_folders/funds/Noble%20Private%20Portfolios/Noble%20PP%20BCI%20All%20Weather%20Fund%20of%20Funds%20(A)%20NPPAA.pdf
Noble PP BCI Balanced Fund of Funds (A) NPPBA,https://www.bcis.co.za/upload/factsheet_categories_folders/funds/Noble%20Private%20Portfolios/Noble%20PP%20BCI%20Balanced%20Fund%20of%20Funds%20(A)%20NPPBA.pdf
Noble PP BCI Flexible Fund (A) NPPFA,https://www.bcis.co.za/upload/factsheet_categories_folders/funds/Noble%20Private%20Portfolios/Noble%20PP%20BCI%20Flexible%20Fund%20(A)%20NPPFA.pdf
Noble PP BCI Strategic Income Fund of Funds (A) NPPIA,https://www.bcis.co.za/upload/factsheet_categories_folders/funds/Noble%20Private%20Portfolios/Noble%20PP%20BCI%20Strategic%20Income%20Fund%20of%20Funds%20(A)%20NPPIA.pdf
Noble PP BCI Wealth Creator Fund of Funds (A) NPPCA,https://www.bcis.co.za/upload/factsheet_categories_folders/funds/Noble%20Private%20Portfolios/Noble%20PP%20BCI%20Wealth%20Creator%20Fund%20of%20Funds%20(A)%20NPPCA.pdf
Noble PP BCI Worldwide Flexible Fund of Funds (A) NPPWFA,https://www.bcis.co.za/upload/factsheet_categories_folders/funds/Noble%20Private%20Portfolios/Noble%20PP%20BCI%20Worldwide%20Flexible%20Fund%20of%20Funds%20(A)%20NPPWFA.pdf
Odyssey BCI Worldwide Flexible Fund (A) ODBWFA,https://www.bcis.co.za/upload/factsheet_categories_folders/funds/Odyssey%20Capital%20Managers/Odyssey%20BCI%20Worldwide%20Flexible%20Fund%20(A)%20ODBWFA.pdf
BCI Multikor Moderate Fund of Funds (A) BMMFA,https://www.bcis.co.za/upload/factsheet_categories_folders/funds/Optimum/BCI%20Multikor%20Moderate%20Fund%20of%20Funds%20(A)%20BMMFA.pdf
Optimum BCI Balanced Fund (C) OBBFC,https://www.bcis.co.za/upload/factsheet_categories_folders/funds/Optimum/Optimum%20BCI%20Balanced%20Fund%20(C)%20OBBFC.pdf
Optimum BCI Equity Fund (A) OBEFA,https://www.bcis.co.za/upload/factsheet_categories_folders/funds/Optimum/Optimum%20BCI%20Equity%20Fund%20(A)%20OBEFA.pdf
Optimum BCI Income Fund (A) OBIFA,https://www.bcis.co.za/upload/factsheet_categories_folders/funds/Optimum/Optimum%20BCI%20Income%20Fund%20(A)%20OBIFA.pdf
Optimum BCI Managed Growth Fund (C) OBMFC,https://www.bcis.co.za/upload/factsheet_categories_folders/funds/Optimum/Optimum%20BCI%20Managed%20Growth%20Fund%20(C)%20OBMFC.pdf
Optimum BCI Stable Fund (C) OPBSFC,https://www.bcis.co.za/upload/factsheet_categories_folders/funds/Optimum/Optimum%20BCI%20Stable%20Fund%20(C)%20OPBSFC.pdf
Optimum BCI WorldWide Flexible Fund of Funds (A) OBWFFA,https://www.bcis.co.za/upload/factsheet_categories_folders/funds/Optimum/Optimum%20BCI%20WorldWide%20Flexible%20Fund%20of%20Funds%20(A)%20OBWFFA.pdf
Orchard BCI Diversified Fund (A) ORCDFA,https://www.bcis.co.za/upload/factsheet_categories_folders/funds/Orchard%20Investment%20Management/Orchard%20BCI%20Diversified%20Fund%20(A)%20ORCDFA.pdf
Orchard BCI Enhanced Income Fund (A) OREIFA,https://www.bcis.co.za/upload/factsheet_categories_folders/funds/Orchard%20Investment%20Management/Orchard%20BCI%20Enhanced%20Income%20Fund%20(A)%20OREIFA.pdf
Platinum BCI Balanced Fund of Funds (A) MPBP,https://www.bcis.co.za/upload/factsheet_categories_folders/funds/Platinum%20Portfolios/Platinum%20BCI%20Balanced%20Fund%20of%20Funds%20(A)%20MPBP.pdf
Platinum BCI Income Provider Fund of Funds (A) MPIP,https://www.bcis.co.za/upload/factsheet_categories_folders/funds/Platinum%20Portfolios/Platinum%20BCI%20Income%20Provider%20Fund%20of%20Funds%20(A)%20MPIP.pdf
Platinum BCI Worldwide Flexible Fund (A) MPFG,https://www.bcis.co.za/upload/factsheet_categories_folders/funds/Platinum%20Portfolios/Platinum%20BCI%20Worldwide%20Flexible%20Fund%20(A)%20MPFG.pdf
Plexus Wealth BCI Balanced Fund (A) MXBA,https://www.bcis.co.za/upload/factsheet_categories_folders/funds/Plexus%20Wealth/Plexus%20Wealth%20BCI%20Balanced%20Fund%20(A)%20MXBA.pdf
Plexus Wealth BCI Conservative Fund (A) MXCO,https://www.bcis.co.za/upload/factsheet_categories_folders/funds/Plexus%20Wealth/Plexus%20Wealth%20BCI%20Conservative%20Fund%20(A)%20MXCO.pdf
Plexus Wealth BCI Flexible Property Income Fund (A) PWPFA,https://www.bcis.co.za/upload/factsheet_categories_folders/funds/Plexus%20Wealth/Plexus%20Wealth%20BCI%20Flexible%20Property%20Income%20Fund%20(A)%20PWPFA.pdf
Plexus Wealth BCI Property Fund (A) MXPR,https://www.bcis.co.za/upload/factsheet_categories_folders/funds/Plexus%20Wealth/Plexus%20Wealth%20BCI%20Property%20Fund%20(A)%20MXPR.pdf
Point3 BCI Balanced Fund of Funds (A) PBBFA,https://www.bcis.co.za/upload/factsheet_categories_folders/funds/Point3%20Investment%20Solutions/Point3%20BCI%20Balanced%20Fund%20of%20Funds%20(A)%20PBBFA.pdf
Point3 BCI Conservative Fund of Funds (A) PBCFA,https://www.bcis.co.za/upload/factsheet_categories_folders/funds/Point3%20Investment%20Solutions/Point3%20BCI%20Conservative%20Fund%20of%20Funds%20(A)%20PBCFA.pdf
Point3 BCI Global Flexible Fund of Funds (A) PBCFFF,https://www.bcis.co.za/upload/factsheet_categories_folders/funds/Point3%20Investment%20Solutions/Point3%20BCI%20Global%20Flexible%20Fund%20of%20Funds%20(A)%20PBCFFF.pdf
Point3 BCI Moderate Worldwide Flexible Fund of Funds (A) PBMFA,https://www.bcis.co.za/upload/factsheet_categories_folders/funds/Point3%20Investment%20Solutions/Point3%20BCI%20Moderate%20Worldwide%20Flexible%20Fund%20of%20Funds%20(A)%20PBMFA.pdf
PBi BCI Balanced Fund of Funds (A) PBBFFA,https://www.bcis.co.za/upload/factsheet_categories_folders/funds/Portfolio%20Bureau%20Investments/PBi%20BCI%20Balanced%20Fund%20of%20Funds%20(A)%20PBBFFA.pdf
PBi BCI Conservative Fund of Funds (A) PBCFFA,https://www.bcis.co.za/upload/factsheet_categories_folders/funds/Portfolio%20Bureau%20Investments/PBi%20BCI%20Conservative%20Fund%20of%20Funds%20(A)%20PBCFFA.pdf
PBi BCI Worldwide Flexible Fund (A) PBWFF,https://www.bcis.co.za/upload/factsheet_categories_folders/funds/Portfolio%20Bureau%20Investments/PBi%20BCI%20Worldwide%20Flexible%20Fund%20(A)%20PBWFF.pdf
PortfolioMetrix BCI Balanced Fund of Funds (A) PMBFFA,https://www.bcis.co.za/upload/factsheet_categories_folders/funds/PortfolioMetrix/PortfolioMetrix%20BCI%20Balanced%20Fund%20of%20Funds%20(A)%20PMBFFA.pdf
PortfolioMetrix BCI Cautious Fund of Funds (A) PMBCFA,https://www.bcis.co.za/upload/factsheet_categories_folders/funds/PortfolioMetrix/PortfolioMetrix%20BCI%20Cautious%20Fund%20of%20Funds%20(A)%20PMBCFA.pdf
PortfolioMetrix BCI Dynamic Income Fund (A) PMBDIA,https://www.bcis.co.za/upload/factsheet_categories_folders/funds/PortfolioMetrix/PortfolioMetrix%20BCI%20Dynamic%20Income%20Fund%20(A)%20PMBDIA.pdf
PortfolioMetrix BCI Global Bond Fund of Funds (A) PRTFA,https://www.bcis.co.za/upload/factsheet_categories_folders/funds/PortfolioMetrix/PortfolioMetrix%20BCI%20Global%20Bond%20Fund%20of%20Funds%20(A)%20PRTFA.pdf
PortfolioMetrix BCI Global Diversified Feeder Fund (B1) PMGDB1,https://www.bcis.co.za/upload/factsheet_categories_folders/funds/PortfolioMetrix/PortfolioMetrix%20BCI%20Global%20Diversified%20Feeder%20Fund%20(B1)%20PMGDB1.pdf
PortfolioMetrix BCI Global Equity Fund of Funds (B2) PMEEA,https://www.bcis.co.za/upload/factsheet_categories_folders/funds/PortfolioMetrix/PortfolioMetrix%20BCI%20Global%20Equity%20Fund%20of%20Funds%20(B2)%20PMEEA.pdf
PortfolioMetrix BCI Global Property Fund of Funds (A) PMBGPF,https://www.bcis.co.za/upload/factsheet_categories_folders/funds/PortfolioMetrix/PortfolioMetrix%20BCI%20Global%20Property%20Fund%20of%20Funds%20(A)%20PMBGPF.pdf
PortfolioMetrix BCI Income Fund (A) PMIFA,https://www.bcis.co.za/upload/factsheet_categories_folders/funds/PortfolioMetrix/PortfolioMetrix%20BCI%20Income%20Fund%20(A)%20PMIFA.pdf
PortfolioMetrix BCI Moderate Fund of Funds (A) PMBMFA,https://www.bcis.co.za/upload/factsheet_categories_folders/funds/PortfolioMetrix/PortfolioMetrix%20BCI%20Moderate%20Fund%20of%20Funds%20(A)%20PMBMFA.pdf
PortfolioMetrix BCI SA Bond Fund (A) PMBFA,https://www.bcis.co.za/upload/factsheet_categories_folders/funds/PortfolioMetrix/PortfolioMetrix%20BCI%20SA%20Bond%20Fund%20(A)%20PMBFA.pdf
PortfolioMetrix BCI SA Equity Fund (B2) PMEFA,https://www.bcis.co.za/upload/factsheet_categories_folders/funds/PortfolioMetrix/PortfolioMetrix%20BCI%20SA%20Equity%20Fund%20(B2)%20PMEFA.pdf
PortfolioMetrix BCI SA Property Fund (A) PMPFA,https://www.bcis.co.za/upload/factsheet_categories_folders/funds/PortfolioMetrix/PortfolioMetrix%20BCI%20SA%20Property%20Fund%20(A)%20PMPFA.pdf
PortfolioMetrix BCI Sustainable World Equity Fund of Funds (A) PRTFFA,https://www.bcis.co.za/upload/factsheet_categories_folders/funds/PortfolioMetrix/PortfolioMetrix%20BCI%20Sustainable%20World%20Equity%20Fund%20of%20Funds%20(A)%20PRTFFA.pdf
PortfolioMetrix BCI Unconstrained Assertive Fund of Funds (A) PBUAFA,https://www.bcis.co.za/upload/factsheet_categories_folders/funds/PortfolioMetrix/PortfolioMetrix%20BCI%20Unconstrained%20Assertive%20Fund%20of%20Funds%20(A)%20PBUAFA.pdf
PortfolioMetrix BCI Unconstrained Balanced Fund of Funds (A) PMCUFA,https://www.bcis.co.za/upload/factsheet_categories_folders/funds/PortfolioMetrix/PortfolioMetrix%20BCI%20Unconstrained%20Balanced%20Fund%20of%20Funds%20(A)%20PMCUFA.pdf
PortfolioMetrix BCI Unconstrained Moderate Fund of Funds (A) PBUMFA,https://www.bcis.co.za/upload/factsheet_categories_folders/funds/PortfolioMetrix/PortfolioMetrix%20BCI%20Unconstrained%20Moderate%20Fund%20of%20Funds%20(A)%20PBUMFA.pdf
PrivateClient BCI High Equity Fund (B) PCEFB,https://www.bcis.co.za/upload/factsheet_categories_folders/funds/PrivateClient%20Portfolios/PrivateClient%20BCI%20High%20Equity%20Fund%20(B)%20PCEFB.pdf
PrivateClient BCI Low Equity Fund (B) PCLEB,https://www.bcis.co.za/upload/factsheet_categories_folders/funds/PrivateClient%20Portfolios/PrivateClient%20BCI%20Low%20Equity%20Fund%20(B)%20PCLEB.pdf
PrivateClient BCI Medium Equity Fund (B) PCMFB,https://www.bcis.co.za/upload/factsheet_categories_folders/funds/PrivateClient%20Portfolios/PrivateClient%20BCI%20Medium%20Equity%20Fund%20(B)%20PCMFB.pdf
PrivateClient BCI Worldwide Flexible Fund (A) PCWFA,https://www.bcis.co.za/upload/factsheet_categories_folders/funds/PrivateClient%20Portfolios/PrivateClient%20BCI%20Worldwide%20Flexible%20Fund%20(A)%20PCWFA.pdf
Providence BCI Worldwide Diversified Fund (B) BWDFB,https://www.bcis.co.za/upload/factsheet_categories_folders/funds/Providence%20Investment%20Partners/Providence%20BCI%20Worldwide%20Diversified%20Fund%20(B)%20BWDFB.pdf
PWS BCI Cautious Fund of Funds (A) PWBFA,https://www.bcis.co.za/upload/factsheet_categories_folders/funds/PWS%20Asset%20Managers/PWS%20BCI%20Cautious%20Fund%20of%20Funds%20(A)%20PWBFA.pdf
PWS BCI Flexible Income Fund (A) PWSFFA,https://www.bcis.co.za/upload/factsheet_categories_folders/funds/PWS%20Asset%20Managers/PWS%20BCI%20Flexible%20Income%20Fund%20(A)%20PWSFFA.pdf
PWS BCI Moderate Fund of Funds (A) PWBMFA,https://www.bcis.co.za/upload/factsheet_categories_folders/funds/PWS%20Asset%20Managers/PWS%20BCI%20Moderate%20Fund%20of%20Funds%20(A)%20PWBMFA.pdf
PWS BCI Worldwide Flexible Fund of Funds (A) PBWFA,https://www.bcis.co.za/upload/factsheet_categories_folders/funds/PWS%20Asset%20Managers/PWS%20BCI%20Worldwide%20Flexible%20Fund%20of%20Funds%20(A)%20PBWFA.pdf
Pyxis BCI Worldwide Flexible Fund (C) PBWFFC,https://www.bcis.co.za/upload/factsheet_categories_folders/funds/Pyxis%20Investment%20Management/Pyxis%20BCI%20Worldwide%20Flexible%20Fund%20(C)%20PBWFFC.pdf
Quantum BCI Balanced Fund of Funds (A) MQUB,https://www.bcis.co.za/upload/factsheet_categories_folders/funds/Quantum%20Asset%20Management/Quantum%20BCI%20Balanced%20Fund%20of%20Funds%20(A)%20MQUB.pdf
Quantum BCI Capital Plus Fund of Funds (A) MQCP,https://www.bcis.co.za/upload/factsheet_categories_folders/funds/Quantum%20Asset%20Management/Quantum%20BCI%20Capital%20Plus%20Fund%20of%20Funds%20(A)%20MQCP.pdf
Quantum BCI Factor Equity Fund (B) QUANB,https://www.bcis.co.za/upload/factsheet_categories_folders/funds/Quantum%20Asset%20Management/Quantum%20BCI%20Factor%20Equity%20Fund%20(B)%20QUANB.pdf
Quantum BCI Income Funds (C) QUAFDC,https://www.bcis.co.za/upload/factsheet_categories_folders/funds/Quantum%20Asset%20Management/Quantum%20BCI%20Income%20Funds%20(C)%20QUAFDC.pdf
Quantum BCI Managed Fund (C) INCMFC,https://www.bcis.co.za/upload/factsheet_categories_folders/funds/Quantum%20Asset%20Management/Quantum%20BCI%20Managed%20Fund%20(C)%20INCMFC.pdf
Quantum BCI Worldwide Flexible Fund of Funds (A) MQWF,https://www.bcis.co.za/upload/factsheet_categories_folders/funds/Quantum%20Asset%20Management/Quantum%20BCI%20Worldwide%20Flexible%20Fund%20of%20Funds%20(A)%20MQWF.pdf
Rebalance BCI Balanced Fund of Funds  (A) RBIP5,https://www.bcis.co.za/upload/factsheet_categories_folders/funds/Rebalance%20Fund%20Managers/Rebalance%20BCI%20Balanced%20Fund%20of%20Funds%20%20(A)%20RBIP5.pdf
Rebalance BCI Cautious Fund of Funds (A) RBIP3,https://www.bcis.co.za/upload/factsheet_categories_folders/funds/Rebalance%20Fund%20Managers/Rebalance%20BCI%20Cautious%20Fund%20of%20Funds%20(A)%20RBIP3.pdf
Rebalance BCI Real Income Fund (A) RBRIFA,https://www.bcis.co.za/upload/factsheet_categories_folders/funds/Rebalance%20Fund%20Managers/Rebalance%20BCI%20Real%20Income%20Fund%20(A)%20RBRIFA.pdf
Rebalance BCI Worldwide Flexible Fund of Funds (A) RBIP7,https://www.bcis.co.za/upload/factsheet_categories_folders/funds/Rebalance%20Fund%20Managers/Rebalance%20BCI%20Worldwide%20Flexible%20Fund%20of%20Funds%20(A)%20RBIP7.pdf
Red Oak BCI Balanced Fund IBBFA,https://www.bcis.co.za/upload/factsheet_categories_folders/funds/Red%20Oak%20Capital/Red%20Oak%20BCI%20Balanced%20Fund%20IBBFA.pdf
Red Oak BCI Worldwide Flexible Fund of Fund ROWFA,https://www.bcis.co.za/upload/factsheet_categories_folders/funds/Red%20Oak%20Capital/Red%20Oak%20BCI%20Worldwide%20Flexible%20Fund%20of%20Fund%20ROWFA.pdf
Reitway BCI Global Property Feeder Fund (A) MGPI,https://www.bcis.co.za/upload/factsheet_categories_folders/funds/Reitway/Reitway%20BCI%20Global%20Property%20Feeder%20Fund%20(A)%20MGPI.pdf
RCI BCI Flexible Fund (A) MRFM,https://www.bcis.co.za/upload/factsheet_categories_folders/funds/Robert%20Cowen%20Investments/RCI%20BCI%20Flexible%20Fund%20(A)%20MRFM.pdf
RCI BCI Worldwide Flexible Fund (A) RBWFF,https://www.bcis.co.za/upload/factsheet_categories_folders/funds/Robert%20Cowen%20Investments/RCI%20BCI%20Worldwide%20Flexible%20Fund%20(A)%20RBWFF.pdf
RCI BCI Worldwide Flexible Growth Fund (L) RBFGL,https://www.bcis.co.za/upload/factsheet_categories_folders/funds/Robert%20Cowen%20Investments/RCI%20BCI%20Worldwide%20Flexible%20Growth%20Fund%20(L)%20RBFGL.pdf
Rowan Capital BCI Balanced Fund of Funds (A) RCBFA,https://www.bcis.co.za/upload/factsheet_categories_folders/funds/Rowan%20Capital/Rowan%20Capital%20BCI%20Balanced%20Fund%20of%20Funds%20(A)%20RCBFA.pdf
Rowan Capital BCI Income Fund of Funds (A) RCBIFA,https://www.bcis.co.za/upload/factsheet_categories_folders/funds/Rowan%20Capital/Rowan%20Capital%20BCI%20Income%20Fund%20of%20Funds%20(A)%20RCBIFA.pdf
RSA BCI Balanced Fund (A) RBBFA,https://www.bcis.co.za/upload/factsheet_categories_folders/funds/RSA%20Multi%20Asset%20Managers/RSA%20BCI%20Balanced%20Fund%20(A)%20RBBFA.pdf
RSA BCI Cautious Fund (C) EVCFC,https://www.bcis.co.za/upload/factsheet_categories_folders/funds/RSA%20Multi%20Asset%20Managers/RSA%20BCI%20Cautious%20Fund%20(C)%20EVCFC.pdf
Rudiarius BCI Africa Equity Fund (C) BAEFC,https://www.bcis.co.za/upload/factsheet_categories_folders/funds/Rudiarius%20Capital%20Management/Rudiarius%20BCI%20Africa%20Equity%20Fund%20(C)%20BAEFC.pdf
SBRO BCI Defensive Fund of Funds (A) SBRD,https://www.bcis.co.za/upload/factsheet_categories_folders/funds/S-BRO%20Fonds%20Bestuurders/SBRO%20BCI%20Defensive%20Fund%20of%20Funds%20(A)%20SBRD.pdf
SBRO BCI Income Fund (A) SBBIFA,https://www.bcis.co.za/upload/factsheet_categories_folders/funds/S-BRO%20Fonds%20Bestuurders/SBRO%20BCI%20Income%20Fund%20(A)%20SBBIFA.pdf
SBRO BCI Managed Fund of Funds (A) SBMFA,https://www.bcis.co.za/upload/factsheet_categories_folders/funds/S-BRO%20Fonds%20Bestuurders/SBRO%20BCI%20Managed%20Fund%20of%20Funds%20(A)%20SBMFA.pdf
SBRO BCI Moderate Fund of Funds (A) SBRB,https://www.bcis.co.za/upload/factsheet_categories_folders/funds/S-BRO%20Fonds%20Bestuurders/SBRO%20BCI%20Moderate%20Fund%20of%20Funds%20(A)%20SBRB.pdf
SA Asset Management BCI Cautious Fund (A) SACFA,https://www.bcis.co.za/upload/factsheet_categories_folders/funds/SA%20Asset%20Management/SA%20Asset%20Management%20BCI%20Cautious%20Fund%20(A)%20SACFA.pdf
SA Asset Management BCI Managed Fund (A) SAMFA,https://www.bcis.co.za/upload/factsheet_categories_folders/funds/SA%20Asset%20Management/SA%20Asset%20Management%20BCI%20Managed%20Fund%20(A)%20SAMFA.pdf
SA Asset Management BCI Moderate Fund (A) SABFA,https://www.bcis.co.za/upload/factsheet_categories_folders/funds/SA%20Asset%20Management/SA%20Asset%20Management%20BCI%20Moderate%20Fund%20(A)%20SABFA.pdf
Saffron BCI Active Bond Fund (A) MSIL,https://www.bcis.co.za/upload/factsheet_categories_folders/funds/Saffron%20Wealth/Saffron%20BCI%20Active%20Bond%20Fund%20(A)%20MSIL.pdf
Saffron BCI Flexible Fund (A) MSMT,https://www.bcis.co.za/upload/factsheet_categories_folders/funds/Saffron%20Wealth/Saffron%20BCI%20Flexible%20Fund%20(A)%20MSMT.pdf
Saffron BCI Opportunity Income Fund (A) MIPP,https://www.bcis.co.za/upload/factsheet_categories_folders/funds/Saffron%20Wealth/Saffron%20BCI%20Opportunity%20Income%20Fund%20(A)%20MIPP.pdf
Sasfin BCI AI Equity Fund (A) SASAIA,https://www.bcis.co.za/upload/factsheet_categories_folders/funds/Sasfin%20Asset%20Managers/Sasfin%20BCI%20AI%20Equity%20Fund%20(A)%20SASAIA.pdf
Sasfin BCI Balanced Fund (A) SMBFCA,https://www.bcis.co.za/upload/factsheet_categories_folders/funds/Sasfin%20Asset%20Managers/Sasfin%20BCI%20Balanced%20Fund%20(A)%20SMBFCA.pdf
Sasfin BCI Equity Fund (A) MSTT,https://www.bcis.co.za/upload/factsheet_categories_folders/funds/Sasfin%20Asset%20Managers/Sasfin%20BCI%20Equity%20Fund%20(A)%20MSTT.pdf
Sasfin BCI Flexible Income Fund (A) SMFIA,https://www.bcis.co.za/upload/factsheet_categories_folders/funds/Sasfin%20Asset%20Managers/Sasfin%20BCI%20Flexible%20Income%20Fund%20(A)%20SMFIA.pdf
Sasfin BCI Global Equity Feeder Fund (A) SGEFA,https://www.bcis.co.za/upload/factsheet_categories_folders/funds/Sasfin%20Asset%20Managers/Sasfin%20BCI%20Global%20Equity%20Feeder%20Fund%20(A)%20SGEFA.pdf
Sasfin BCI High Grade Money Market Fund (D) SBHGFD,https://www.bcis.co.za/upload/factsheet_categories_folders/funds/Sasfin%20Asset%20Managers/Sasfin%20BCI%20High%20Grade%20Money%20Market%20Fund%20(D)%20SBHGFD.pdf
Sasfin BCI High Yield Fund (A) SBHYA,https://www.bcis.co.za/upload/factsheet_categories_folders/funds/Sasfin%20Asset%20Managers/Sasfin%20BCI%20High%20Yield%20Fund%20(A)%20SBHYA.pdf
Sasfin BCI Horizon Multi Managed Accumulation Fund (A) SBHMFA,https://www.bcis.co.za/upload/factsheet_categories_folders/funds/Sasfin%20Asset%20Managers/Sasfin%20BCI%20Horizon%20Multi%20Managed%20Accumulation%20Fund%20(A)%20SBHMFA.pdf
Sasfin BCI Horizon Multi Managed Diversified Growth Fund (D) SBMDFD,https://www.bcis.co.za/upload/factsheet_categories_folders/funds/Sasfin%20Asset%20Managers/Sasfin%20BCI%20Horizon%20Multi%20Managed%20Diversified%20Growth%20Fund%20(D)%20SBMDFD.pdf
Sasfin BCI Horizon Multi Managed Preservation Fund (D) SBMPFD,https://www.bcis.co.za/upload/factsheet_categories_folders/funds/Sasfin%20Asset%20Managers/Sasfin%20BCI%20Horizon%20Multi%20Managed%20Preservation%20Fund%20(D)%20SBMPFD.pdf
Sasfin BCI Opportunity Equity Fund (A) SBEFA,https://www.bcis.co.za/upload/factsheet_categories_folders/funds/Sasfin%20Asset%20Managers/Sasfin%20BCI%20Opportunity%20Equity%20Fund%20(A)%20SBEFA.pdf
Sasfin BCI Optimal Income Fund (A) IBOFA,https://www.bcis.co.za/upload/factsheet_categories_folders/funds/Sasfin%20Asset%20Managers/Sasfin%20BCI%20Optimal%20Income%20Fund%20(A)%20IBOFA.pdf
Sasfin BCI Prudential Fund (A) SAMA1,https://www.bcis.co.za/upload/factsheet_categories_folders/funds/Sasfin%20Asset%20Managers/Sasfin%20BCI%20Prudential%20Fund%20(A)%20SAMA1.pdf
Sasfin BCI Stable Fund (A) SMSFCA,https://www.bcis.co.za/upload/factsheet_categories_folders/funds/Sasfin%20Asset%20Managers/Sasfin%20BCI%20Stable%20Fund%20(A)%20SMSFCA.pdf
Select BCI Balanced Fund (A) EFFP,https://www.bcis.co.za/upload/factsheet_categories_folders/funds/Select/Select%20BCI%20Balanced%20Fund%20(A)%20EFFP.pdf
Select BCI Blended Equity Strategy Fund (A) SBEEFA,https://www.bcis.co.za/upload/factsheet_categories_folders/funds/Select/Select%20BCI%20Blended%20Equity%20Strategy%20Fund%20(A)%20SBEEFA.pdf
Select BCI Cautious Fund (A) EBCC,https://www.bcis.co.za/upload/factsheet_categories_folders/funds/Select/Select%20BCI%20Cautious%20Fund%20(A)%20EBCC.pdf
Select BCI ESG Equity Fund (C) SBEEFC,https://www.bcis.co.za/upload/factsheet_categories_folders/funds/Select/Select%20BCI%20ESG%20Equity%20Fund%20(C)%20SBEEFC.pdf
Select BCI Enhanced Core Balanced Fund (A) SBECFA,https://www.bcis.co.za/upload/factsheet_categories_folders/funds/Select/Select%20BCI%20Enhanced%20Core%20Balanced%20Fund%20(A)%20SBECFA.pdf
Select BCI Enhanced Core Cautious Fund (A) SBEHFA,https://www.bcis.co.za/upload/factsheet_categories_folders/funds/Select/Select%20BCI%20Enhanced%20Core%20Cautious%20Fund%20(A)%20SBEHFA.pdf
Select BCI Enhanced Core Equity Fund (A) SBCEFA,https://www.bcis.co.za/upload/factsheet_categories_folders/funds/Select/Select%20BCI%20Enhanced%20Core%20Equity%20Fund%20(A)%20SBCEFA.pdf
Select BCI Enhanced Core Global Equity Fund of Funds (A) SDCGFA,https://www.bcis.co.za/upload/factsheet_categories_folders/funds/Select/Select%20BCI%20Enhanced%20Core%20Global%20Equity%20Fund%20of%20Funds%20(A)%20SDCGFA.pdf
Select BCI Equity Fund (A) SELEFA,https://www.bcis.co.za/upload/factsheet_categories_folders/funds/Select/Select%20BCI%20Equity%20Fund%20(A)%20SELEFA.pdf
Select BCI Fixed Income Fund (A) EFIF,https://www.bcis.co.za/upload/factsheet_categories_folders/funds/Select/Select%20BCI%20Fixed%20Income%20Fund%20(A)%20EFIF.pdf
Select BCI Global Equity Fund (A) SLTEFA,https://www.bcis.co.za/upload/factsheet_categories_folders/funds/Select/Select%20BCI%20Global%20Equity%20Fund%20(A)%20SLTEFA.pdf
Select BCI Worldwide Flexible Fund (A) VAAF,https://www.bcis.co.za/upload/factsheet_categories_folders/funds/Select/Select%20BCI%20Worldwide%20Flexible%20Fund%20(A)%20VAAF.pdf
Select Manager BCI Balanced Fund of Funds (A) MSGP,https://www.bcis.co.za/upload/factsheet_categories_folders/funds/Select%20Manager/Select%20Manager%20BCI%20Balanced%20Fund%20of%20Funds%20(A)%20MSGP.pdf
Select Manager BCI Cautious Fund of Funds (A) MSMI,https://www.bcis.co.za/upload/factsheet_categories_folders/funds/Select%20Manager/Select%20Manager%20BCI%20Cautious%20Fund%20of%20Funds%20(A)%20MSMI.pdf
Select Manager BCI Equity Fund (A) MVLT,https://www.bcis.co.za/upload/factsheet_categories_folders/funds/Select%20Manager/Select%20Manager%20BCI%20Equity%20Fund%20(A)%20MVLT.pdf
Select Manager BCI Global Equity Fund of Funds (A) NGBEA,https://www.bcis.co.za/upload/factsheet_categories_folders/funds/Select%20Manager/Select%20Manager%20BCI%20Global%20Equity%20Fund%20of%20Funds%20(A)%20NGBEA.pdf
Select Manager BCI Global Moderate Fund of Funds (A) MSGG,https://www.bcis.co.za/upload/factsheet_categories_folders/funds/Select%20Manager/Select%20Manager%20BCI%20Global%20Moderate%20Fund%20of%20Funds%20(A)%20MSGG.pdf
Select Manager BCI Income Fund of Funds (C) NIPFC,https://www.bcis.co.za/upload/factsheet_categories_folders/funds/Select%20Manager/Select%20Manager%20BCI%20Income%20Fund%20of%20Funds%20(C)%20NIPFC.pdf
Select Manager BCI Moderate Fund of Funds (A) MSMP,https://www.bcis.co.za/upload/factsheet_categories_folders/funds/Select%20Manager/Select%20Manager%20BCI%20Moderate%20Fund%20of%20Funds%20(A)%20MSMP.pdf
Select Manager BCI Worldwide Flexible Fund of Funds (A) NBWFA,https://www.bcis.co.za/upload/factsheet_categories_folders/funds/Select%20Manager/Select%20Manager%20BCI%20Worldwide%20Flexible%20Fund%20of%20Funds%20(A)%20NBWFA.pdf
Sequoia BCI Flexible Income Fund (A) SEQFSA,https://www.bcis.co.za/upload/factsheet_categories_folders/funds/Sequoia%20Capital%20Management/Sequoia%20BCI%20Flexible%20Income%20Fund%20(A)%20SEQFSA.pdf
Sequoia BCI Global Flexible Fund of Funds (A) SBGFFA,https://www.bcis.co.za/upload/factsheet_categories_folders/funds/Sequoia%20Capital%20Management/Sequoia%20BCI%20Global%20Flexible%20Fund%20of%20Funds%20(A)%20SBGFFA.pdf
Sequoia BCI Managed Growth Fund of Funds (A) BCIGFA,https://www.bcis.co.za/upload/factsheet_categories_folders/funds/Sequoia%20Capital%20Management/Sequoia%20BCI%20Managed%20Growth%20Fund%20of%20Funds%20(A)%20BCIGFA.pdf
Sequoia BCI Stable Fund of Funds (A) BCISFA,https://www.bcis.co.za/upload/factsheet_categories_folders/funds/Sequoia%20Capital%20Management/Sequoia%20BCI%20Stable%20Fund%20of%20Funds%20(A)%20BCISFA.pdf
Sesfikile BCI Global Property Fund (A1) SPFA1,https://www.bcis.co.za/upload/factsheet_categories_folders/funds/Sesfikile%20Capital/Sesfikile%20BCI%20Global%20Property%20Fund%20(A1)%20SPFA1.pdf
Sesfikile BCI Property Fund (A) SSPF1,https://www.bcis.co.za/upload/factsheet_categories_folders/funds/Sesfikile%20Capital/Sesfikile%20BCI%20Property%20Fund%20(A)%20SSPF1.pdf
Signature BCI Balanced Fund of Funds (A) SBBFA,https://www.bcis.co.za/upload/factsheet_categories_folders/funds/Signature%20Private%20Clients/Signature%20BCI%20Balanced%20Fund%20of%20Funds%20(A)%20SBBFA.pdf
Signature BCI Stable Fund of Funds (A) SBSFA,https://www.bcis.co.za/upload/factsheet_categories_folders/funds/Signature%20Private%20Clients/Signature%20BCI%20Stable%20Fund%20of%20Funds%20(A)%20SBSFA.pdf
Signature BCI Worldwide Flexible Fund of Funds (A) SBWFA,https://www.bcis.co.za/upload/factsheet_categories_folders/funds/Signature%20Private%20Clients/Signature%20BCI%20Worldwide%20Flexible%20Fund%20of%20Funds%20(A)%20SBWFA.pdf
Simplisiti BCI Flexible Fund of Funds (A) MSIM,https://www.bcis.co.za/upload/factsheet_categories_folders/funds/Simplisiti%20Asset%20Management/Simplisiti%20BCI%20Flexible%20Fund%20of%20Funds%20(A)%20MSIM.pdf
Simplisiti BCI Income Plus Fund of Funds (A) MSIP,https://www.bcis.co.za/upload/factsheet_categories_folders/funds/Simplisiti%20Asset%20Management/Simplisiti%20BCI%20Income%20Plus%20Fund%20of%20Funds%20(A)%20MSIP.pdf
Simplisiti BCI Managed Protector Fund of Funds (A) MPSF,https://www.bcis.co.za/upload/factsheet_categories_folders/funds/Simplisiti%20Asset%20Management/Simplisiti%20BCI%20Managed%20Protector%20Fund%20of%20Funds%20(A)%20MPSF.pdf
Skyblue BCI Cumulus Moderate Fund of Funds (A) MBIC,https://www.bcis.co.za/upload/factsheet_categories_folders/funds/Skyblue%20Fund%20Managers/Skyblue%20BCI%20Cumulus%20Moderate%20Fund%20of%20Funds%20(A)%20MBIC.pdf
Skyblue BCI Kimberlite Cautious Fund of Funds (A) MBIK,https://www.bcis.co.za/upload/factsheet_categories_folders/funds/Skyblue%20Fund%20Managers/Skyblue%20BCI%20Kimberlite%20Cautious%20Fund%20of%20Funds%20(A)%20MBIK.pdf
Skyblue BCI Moderate Worldwide Flexible Fund (A) SKYMFA,https://www.bcis.co.za/upload/factsheet_categories_folders/funds/Skyblue%20Fund%20Managers/Skyblue%20BCI%20Moderate%20Worldwide%20Flexible%20Fund%20(A)%20SKYMFA.pdf
Skyblue BCI Solar Flexible Fund of Funds (A) MBIS,https://www.bcis.co.za/upload/factsheet_categories_folders/funds/Skyblue%20Fund%20Managers/Skyblue%20BCI%20Solar%20Flexible%20Fund%20of%20Funds%20(A)%20MBIS.pdf
Skyblue BCI Unconstrained Worldwide Flexible Fund (A) SKYUFA,https://www.bcis.co.za/upload/factsheet_categories_folders/funds/Skyblue%20Fund%20Managers/Skyblue%20BCI%20Unconstrained%20Worldwide%20Flexible%20Fund%20(A)%20SKYUFA.pdf
Southern Charter BCI Balanced Fund of Funds MSCB,https://www.bcis.co.za/upload/factsheet_categories_folders/funds/Southern%20Charter%20Fund%20Managers/Southern%20Charter%20BCI%20Balanced%20Fund%20of%20Funds%20MSCB.pdf
Southern Charter BCI Defensive Fund of Funds MSCS,https://www.bcis.co.za/upload/factsheet_categories_folders/funds/Southern%20Charter%20Fund%20Managers/Southern%20Charter%20BCI%20Defensive%20Fund%20of%20Funds%20MSCS.pdf
Southern Charter BCI Growth Fund of Funds MSCR,https://www.bcis.co.za/upload/factsheet_categories_folders/funds/Southern%20Charter%20Fund%20Managers/Southern%20Charter%20BCI%20Growth%20Fund%20of%20Funds%20MSCR.pdf
Southern Charter BCI Worldwide Flexible Fund of Funds SCMCA,https://www.bcis.co.za/upload/factsheet_categories_folders/funds/Southern%20Charter%20Fund%20Managers/Southern%20Charter%20BCI%20Worldwide%20Flexible%20Fund%20of%20Funds%20SCMCA.pdf
Southern Right Capital BCI GQG Emerging  Markets Equity Feeder Fund (W) SEMEFW,https://www.bcis.co.za/upload/factsheet_categories_folders/funds/Southern%20Right%20Capital/Southern%20Right%20Capital%20BCI%20GQG%20Emerging%20%20Markets%20Equity%20Feeder%20Fund%20(W)%20SEMEFW.pdf
Southern Right Capital BCI GQG Global Equity  Feeder Fund (A) SRCEFA,https://www.bcis.co.za/upload/factsheet_categories_folders/funds/Southern%20Right%20Capital/Southern%20Right%20Capital%20BCI%20GQG%20Global%20Equity%20%20Feeder%20Fund%20(A)%20SRCEFA.pdf
Stelburg BCI Balanced Fund of Funds (A) SBCIBA,https://www.bcis.co.za/upload/factsheet_categories_folders/funds/Stelburg%20Investments/Stelburg%20BCI%20Balanced%20Fund%20of%20Funds%20(A)%20SBCIBA.pdf
Stelburg BCI Cautious Fund of Funds (A) SBCICA,https://www.bcis.co.za/upload/factsheet_categories_folders/funds/Stelburg%20Investments/Stelburg%20BCI%20Cautious%20Fund%20of%20Funds%20(A)%20SBCICA.pdf
Stonewood BCI Worldwide Flexible Fund (A) BIWFA,https://www.bcis.co.za/upload/factsheet_categories_folders/funds/Stonewood%20Capital%20Management/Stonewood%20BCI%20Worldwide%20Flexible%20Fund%20(A)%20BIWFA.pdf
Capital Incubator BCI Worldwide Flexible Fund of Funds (A) MBVI,https://www.bcis.co.za/upload/factsheet_categories_folders/funds/The%20Capital%20Incubator/Capital%20Incubator%20BCI%20Worldwide%20Flexible%20Fund%20of%20Funds%20(A)%20MBVI.pdf
Capital Incubator BCI Worldwide Opportunities Fund of Funds (A) MBOW,https://www.bcis.co.za/upload/factsheet_categories_folders/funds/The%20Capital%20Incubator/Capital%20Incubator%20BCI%20Worldwide%20Opportunities%20Fund%20of%20Funds%20(A)%20MBOW.pdf
Visio BCI Actinio Fund (A) MBVA,https://www.bcis.co.za/upload/factsheet_categories_folders/funds/Visio%20Fund%20Management/Visio%20BCI%20Actinio%20Fund%20(A)%20MBVA.pdf
Visio BCI Balanced Fund (A) VBBFA,https://www.bcis.co.za/upload/factsheet_categories_folders/funds/Visio%20Fund%20Management/Visio%20BCI%20Balanced%20Fund%20(A)%20VBBFA.pdf
Visio BCI Bond Fund (A) VISFDA,https://www.bcis.co.za/upload/factsheet_categories_folders/funds/Visio%20Fund%20Management/Visio%20BCI%20Bond%20Fund%20(A)%20VISFDA.pdf
Visio BCI General Equity Fund (A) BGEAF,https://www.bcis.co.za/upload/factsheet_categories_folders/funds/Visio%20Fund%20Management/Visio%20BCI%20General%20Equity%20Fund%20(A)%20BGEAF.pdf
Visio BCI Global Equity Fund (A) VBGEFA,https://www.bcis.co.za/upload/factsheet_categories_folders/funds/Visio%20Fund%20Management/Visio%20BCI%20Global%20Equity%20Fund%20(A)%20VBGEFA.pdf
Visio BCI Property Fund (C) OPTFDC,https://www.bcis.co.za/upload/factsheet_categories_folders/funds/Visio%20Fund%20Management/Visio%20BCI%20Property%20Fund%20(C)%20OPTFDC.pdf
Visio BCI SA Balanced Fund (A) VIBCFA,https://www.bcis.co.za/upload/factsheet_categories_folders/funds/Visio%20Fund%20Management/Visio%20BCI%20SA%20Balanced%20Fund%20(A)%20VIBCFA.pdf
Visio BCI SA Equity Fund (B8) VBSB8,https://www.bcis.co.za/upload/factsheet_categories_folders/funds/Visio%20Fund%20Management/Visio%20BCI%20SA%20Equity%20Fund%20(B8)%20VBSB8.pdf
Visio BCI Shari'ah Equity Fund (C) BSEFC,https://www.bcis.co.za/upload/factsheet_categories_folders/funds/Visio%20Fund%20Management/Visio%20BCI%20Shari'ah%20Equity%20Fund%20(C)%20BSEFC.pdf
Visio BCI Shari'ah Worldwide Flexible Property Fund (C) VBCPFC,https://www.bcis.co.za/upload/factsheet_categories_folders/funds/Visio%20Fund%20Management/Visio%20BCI%20Shari'ah%20Worldwide%20Flexible%20Property%20Fund%20(C)%20VBCPFC.pdf
Visio BCI Unconstrained Fixed Interest Fund (B) RSVIB,https://www.bcis.co.za/upload/factsheet_categories_folders/funds/Visio%20Fund%20Management/Visio%20BCI%20Unconstrained%20Fixed%20Interest%20Fund%20(B)%20RSVIB.pdf
Vunani BCI Bond Fund (A) VUNFDA,https://www.bcis.co.za/upload/factsheet_categories_folders/funds/Vunani%20Fund%20Managers/Vunani%20BCI%20Bond%20Fund%20(A)%20VUNFDA.pdf
Vunani BCI Equity Fund (A) VUNEQA,https://www.bcis.co.za/upload/factsheet_categories_folders/funds/Vunani%20Fund%20Managers/Vunani%20BCI%20Equity%20Fund%20(A)%20VUNEQA.pdf
Vunani BCI Global Macro Fund (A) VUMACA,https://www.bcis.co.za/upload/factsheet_categories_folders/funds/Vunani%20Fund%20Managers/Vunani%20BCI%20Global%20Macro%20Fund%20(A)%20VUMACA.pdf
Vunani BCI Multi Asset Fund (D) VBMAFD,https://www.bcis.co.za/upload/factsheet_categories_folders/funds/Vunani%20Fund%20Managers/Vunani%20BCI%20Multi%20Asset%20Fund%20(D)%20VBMAFD.pdf
Vunani BCI Short Term Interest Fund (A) VUINTA,https://www.bcis.co.za/upload/factsheet_categories_folders/funds/Vunani%20Fund%20Managers/Vunani%20BCI%20Short%20Term%20Interest%20Fund%20(A)%20VUINTA.pdf
Warwick BCI Balanced Fund (B) WMMCB,https://www.bcis.co.za/upload/factsheet_categories_folders/funds/Warwick%20Wealth/Warwick%20BCI%20Balanced%20Fund%20(B)%20WMMCB.pdf
Warwick BCI Equity Fund (B) WMEFB,https://www.bcis.co.za/upload/factsheet_categories_folders/funds/Warwick%20Wealth/Warwick%20BCI%20Equity%20Fund%20(B)%20WMEFB.pdf
Warwick BCI International Fund of Funds (C) WMICC,https://www.bcis.co.za/upload/factsheet_categories_folders/funds/Warwick%20Wealth/Warwick%20BCI%20International%20Fund%20of%20Funds%20(C)%20WMICC.pdf
Wealth Associates BCI Balanced Fund of Funds (A) WABFA,https://www.bcis.co.za/upload/factsheet_categories_folders/funds/Wealth%20Associates%20Asset%20Management/Wealth%20Associates%20BCI%20Balanced%20Fund%20of%20Funds%20(A)%20WABFA.pdf
Wealth Associates BCI Cautious Fund of Funds (A) WAFA,https://www.bcis.co.za/upload/factsheet_categories_folders/funds/Wealth%20Associates%20Asset%20Management/Wealth%20Associates%20BCI%20Cautious%20Fund%20of%20Funds%20(A)%20WAFA.pdf
Wealth Associates BCI Equity Fund (A) WLTFA,https://www.bcis.co.za/upload/factsheet_categories_folders/funds/Wealth%20Associates%20Asset%20Management/Wealth%20Associates%20BCI%20Equity%20Fund%20(A)%20WLTFA.pdf
Wealth Associates BCI Flexible Growth Fund of Funds (A) WAGFA,https://www.bcis.co.za/upload/factsheet_categories_folders/funds/Wealth%20Associates%20Asset%20Management/Wealth%20Associates%20BCI%20Flexible%20Growth%20Fund%20of%20Funds%20(A)%20WAGFA.pdf
Wealth Associates BCI Income Fund (A) WLBFA,https://www.bcis.co.za/upload/factsheet_categories_folders/funds/Wealth%20Associates%20Asset%20Management/Wealth%20Associates%20BCI%20Income%20Fund%20(A)%20WLBFA.pdf
Wealth Associates BCI Moderate Fund of Funds (A) WAMFA,https://www.bcis.co.za/upload/factsheet_categories_folders/funds/Wealth%20Associates%20Asset%20Management/Wealth%20Associates%20BCI%20Moderate%20Fund%20of%20Funds%20(A)%20WAMFA.pdf
Wealthpoint BCI Balanced Fund (A) WEABFA,https://www.bcis.co.za/upload/factsheet_categories_folders/funds/Wealthpoint%20Capital/Wealthpoint%20BCI%20Balanced%20Fund%20(A)%20WEABFA.pdf
Weaver BCI Balanced Fund of Funds (A) WEABAL,https://www.bcis.co.za/upload/factsheet_categories_folders/funds/Weaver%20Investment%20Management/Weaver%20BCI%20Balanced%20Fund%20of%20Funds%20(A)%20WEABAL.pdf
Weaver BCI Moderate Fund of Funds (A) WEAMOD,https://www.bcis.co.za/upload/factsheet_categories_folders/funds/Weaver%20Investment%20Management/Weaver%20BCI%20Moderate%20Fund%20of%20Funds%20(A)%20WEAMOD.pdf
Weaver BCI Stable Fund of Funds (A) WEASTA,https://www.bcis.co.za/upload/factsheet_categories_folders/funds/Weaver%20Investment%20Management/Weaver%20BCI%20Stable%20Fund%20of%20Funds%20(A)%20WEASTA.pdf
X-Chequer BCI Equity Fund (B) XCBEB,https://www.bcis.co.za/upload/factsheet_categories_folders/funds/X-Chequer%20Fund%20Management/X-Chequer%20BCI%20Equity%20Fund%20(B)%20XCBEB.pdf
